LocalTime,Altitude,Distance,EnergyConsumption,HeartRate,SeaLevelPressure,Speed
5/31/2013 19:14,1647,0,1.1,98,1015,0
5/31/2013 19:14,1647,0,1.1,98,1015,0
5/31/2013 19:14,1647,0,1.1,97,1015,0
5/31/2013 19:14,1647,1,1.1,95,1015,0.6
5/31/2013 19:14,1647,2,1.1,94,1015,0.7
5/31/2013 19:14,1647,3,1.1,94,1015,0.8
5/31/2013 19:14,1647,4,1.1,92,1015,1.1
5/31/2013 19:14,1646,5,1.1,90,1015,1.1
5/31/2013 19:14,1646,5,1.1,88,1015,0.5
5/31/2013 19:14,1646,5,1.1,89,1015,0.3
5/31/2013 19:14,1646,5,1.1,91,1015,0
5/31/2013 19:14,1646,6,4.4,93,1015,0.7
5/31/2013 19:14,1646,6,4.4,95,1015,0.5
5/31/2013 19:14,1646,8,4.4,96,1015,1.3
5/31/2013 19:14,1646,10,4.4,99,1015,1.6
5/31/2013 19:14,1646,12,4.4,101,1015,1.6
5/31/2013 19:14,1646,13,4.4,103,1015,1.6
5/31/2013 19:14,1645,14,4.4,103,1015,1.5
5/31/2013 19:14,1645,15,4.4,103,1015,1.4
5/31/2013 19:14,1645,15,4.4,103,1015,0.6
5/31/2013 19:14,1645,15,4.4,103,1015,0.4
5/31/2013 19:14,1645,15,6.8,102,1015,0.3
5/31/2013 19:14,1645,16,6.8,101,1015,0.8
5/31/2013 19:14,1645,19,6.8,99,1015,1.7
5/31/2013 19:14,1645,21,6.8,98,1015,2
5/31/2013 19:14,1645,23,6.8,98,1015,1.9
5/31/2013 19:15,1645,24,6.8,97,1015,1.9
5/31/2013 19:15,1641,26,6.8,98,1015,1.7
5/31/2013 19:15,1641,27,6.8,100,1015,1.7
5/31/2013 19:15,1641,29,6.8,101,1015,1.6
5/31/2013 19:15,1641,30,6.8,101,1015,1.6
5/31/2013 19:15,1641,31,7.6,101,1015,1.5
5/31/2013 19:15,1639,31,7.6,100,1015,0.7
5/31/2013 19:15,1639,32,7.6,100,1015,0.8
5/31/2013 19:15,1639,33,7.6,102,1015,1.1
5/31/2013 19:15,1639,34,7.6,104,1015,1.3
5/31/2013 19:15,1639,34,7.6,106,1015,0.5
5/31/2013 19:15,1640,36,7.6,109,1015,1.2
5/31/2013 19:15,1640,37,7.6,110,1015,1.2
5/31/2013 19:15,1640,39,7.6,110,1015,1.7
5/31/2013 19:15,1640,41,7.6,110,1015,1.8
5/31/2013 19:15,1640,43,8.8,110,1015,1.8
5/31/2013 19:15,1640,45,8.8,107,1015,1.7
5/31/2013 19:15,1640,47,8.8,107,1015,1.9
5/31/2013 19:15,1640,50,8.8,109,1015,2
5/31/2013 19:15,1640,53,8.8,111,1015,2.2
5/31/2013 19:15,1640,56,8.8,113,1015,2.3
5/31/2013 19:15,1640,59,8.8,115,1015,2.4
5/31/2013 19:15,1640,61,8.8,117,1015,2.4
5/31/2013 19:15,1640,65,8.8,119,1015,2.6
5/31/2013 19:15,1640,67,8.8,120,1015,2.6
5/31/2013 19:15,1640,70,10.2,124,1015,2.6
5/31/2013 19:15,1640,73,10.2,122,1015,2.6
5/31/2013 19:15,1640,76,10.2,125,1015,2.7
5/31/2013 19:15,1640,78,10.2,127,1015,2.6
5/31/2013 19:15,1640,81,10.2,129,1015,2.7
5/31/2013 19:15,1640,84,10.2,130,1015,2.6
5/31/2013 19:15,1640,86,10.2,132,1015,2.6
5/31/2013 19:15,1640,89,10.2,134,1015,2.6
5/31/2013 19:15,1640,91,10.2,135,1015,2.6
5/31/2013 19:15,1640,94,10.2,135,1015,2.6
5/31/2013 19:15,1640,96,12.4,136,1015,2.6
5/31/2013 19:15,1640,99,12.4,136,1015,2.6
5/31/2013 19:15,1640,102,12.4,137,1015,2.7
5/31/2013 19:15,1640,104,12.4,137,1015,2.6
5/31/2013 19:15,1640,107,12.4,138,1015,2.6
5/31/2013 19:15,1640,109,12.4,138,1015,2.6
5/31/2013 19:15,1640,112,12.4,138,1015,2.6
5/31/2013 19:15,1640,115,12.4,138,1015,2.6
5/31/2013 19:15,1640,117,12.4,138,1015,2.6
5/31/2013 19:15,1640,120,12.4,139,1015,2.6
5/31/2013 19:15,1640,122,13.8,139,1015,2.5
5/31/2013 19:15,1640,124,13.8,139,1015,2.5
5/31/2013 19:15,1640,127,13.8,139,1015,2.6
5/31/2013 19:15,1640,129,13.8,137,1015,2.5
5/31/2013 19:15,1640,132,13.8,137,1015,2.5
5/31/2013 19:15,1640,135,13.8,136,1015,2.6
5/31/2013 19:15,1638,139,13.8,136,1015,2.7
5/31/2013 19:15,1638,142,13.8,137,1015,2.8
5/31/2013 19:15,1638,146,13.8,137,1015,2.8
5/31/2013 19:15,1638,148,13.8,138,1015,2.8
5/31/2013 19:15,1638,151,14.1,138,1015,2.8
5/31/2013 19:15,1638,154,14.1,138,1015,2.8
5/31/2013 19:15,1638,157,14.1,139,1015,2.8
5/31/2013 19:15,1638,159,14.1,140,1015,2.8
5/31/2013 19:15,1638,162,14.1,141,1015,2.8
5/31/2013 19:15,1638,164,14.1,142,1015,2.8
5/31/2013 19:16,1638,166,14.1,142,1015,2.7
5/31/2013 19:16,1638,168,14.1,142,1015,2.7
5/31/2013 19:16,1638,170,14.1,142,1015,2.6
5/31/2013 19:16,1638,172,14.1,141,1015,2.5
5/31/2013 19:16,1638,174,14.4,141,1015,2.5
5/31/2013 19:16,1638,176,14.4,140,1015,2.4
5/31/2013 19:16,1638,178,14.4,141,1015,2.3
5/31/2013 19:16,1638,180,14.4,141,1015,2.3
5/31/2013 19:16,1638,182,14.4,142,1015,2.3
5/31/2013 19:16,1638,185,14.4,143,1015,2.4
5/31/2013 19:16,1638,187,14.4,143,1015,2.4
5/31/2013 19:16,1638,189,14.4,142,1015,2.3
5/31/2013 19:16,1638,192,14.4,141,1015,2.4
5/31/2013 19:16,1638,195,14.4,139,1015,2.4
5/31/2013 19:16,1638,198,14.5,139,1015,2.4
5/31/2013 19:16,1638,200,14.5,139,1015,2.5
5/31/2013 19:16,1638,203,14.5,139,1015,2.5
5/31/2013 19:16,1638,206,14.5,141,1015,2.5
5/31/2013 19:16,1638,209,14.5,141,1015,2.6
5/31/2013 19:16,1638,212,14.5,142,1015,2.6
5/31/2013 19:16,1637,214,14.5,142,1015,2.6
5/31/2013 19:16,1637,217,14.5,142,1015,2.6
5/31/2013 19:16,1637,219,14.5,142,1015,2.6
5/31/2013 19:16,1637,222,14.5,141,1015,2.6
5/31/2013 19:16,1637,225,14.6,142,1015,2.6
5/31/2013 19:16,1637,227,14.6,142,1015,2.6
5/31/2013 19:16,1637,230,14.6,142,1015,2.6
5/31/2013 19:16,1637,232,14.6,142,1015,2.6
5/31/2013 19:16,1637,235,14.6,143,1015,2.6
5/31/2013 19:16,1637,238,14.6,143,1015,2.6
5/31/2013 19:16,1637,241,14.6,143,1015,2.6
5/31/2013 19:16,1637,243,14.6,142,1015,2.6
5/31/2013 19:16,1637,246,14.6,142,1015,2.6
5/31/2013 19:16,1637,249,14.6,142,1015,2.6
5/31/2013 19:16,1637,251,14.7,142,1015,2.6
5/31/2013 19:16,1637,254,14.7,143,1015,2.6
5/31/2013 19:16,1637,256,14.7,143,1015,2.6
5/31/2013 19:16,1637,258,14.7,144,1015,2.6
5/31/2013 19:16,1637,261,14.7,145,1015,2.6
5/31/2013 19:16,1637,264,14.7,145,1015,2.6
5/31/2013 19:16,1636,267,14.7,144,1015,2.6
5/31/2013 19:16,1636,269,14.7,144,1015,2.6
5/31/2013 19:16,1636,272,14.7,144,1015,2.6
5/31/2013 19:16,1636,275,14.7,145,1015,2.6
5/31/2013 19:16,1636,277,15.1,146,1015,2.6
5/31/2013 19:16,1636,279,15.1,146,1015,2.6
5/31/2013 19:16,1636,282,15.1,145,1015,2.6
5/31/2013 19:16,1636,284,15.1,144,1015,2.5
5/31/2013 19:16,1636,286,15.1,143,1015,2.5
5/31/2013 19:16,1636,289,15.1,144,1015,2.5
5/31/2013 19:16,1636,292,15.1,144,1015,2.6
5/31/2013 19:16,1636,294,15.1,145,1015,2.6
5/31/2013 19:16,1636,297,15.1,147,1015,2.6
5/31/2013 19:16,1636,300,15.1,148,1015,2.6
5/31/2013 19:16,1636,302,15.7,148,1015,2.5
5/31/2013 19:16,1636,305,15.7,147,1015,2.6
5/31/2013 19:16,1636,307,15.7,148,1015,2.6
5/31/2013 19:16,1636,310,15.7,148,1015,2.6
5/31/2013 19:16,1636,313,15.7,148,1015,2.6
5/31/2013 19:16,1636,316,15.7,149,1015,2.6
5/31/2013 19:17,1636,318,15.7,149,1015,2.6
5/31/2013 19:17,1636,321,15.7,149,1015,2.6
5/31/2013 19:17,1636,323,15.7,149,1015,2.6
5/31/2013 19:17,1636,326,15.7,149,1015,2.7
5/31/2013 19:17,1636,329,16,149,1015,2.7
5/31/2013 19:17,1636,332,16,150,1015,2.7
5/31/2013 19:17,1636,336,16,151,1015,2.7
5/31/2013 19:17,1636,338,16,151,1015,2.7
5/31/2013 19:17,1636,341,16,150,1015,2.7
5/31/2013 19:17,1636,343,16,149,1015,2.7
5/31/2013 19:17,1636,345,16,149,1015,2.7
5/31/2013 19:17,1636,348,16,149,1015,2.6
5/31/2013 19:17,1636,351,16,149,1015,2.7
5/31/2013 19:17,1636,353,16,149,1015,2.7
5/31/2013 19:17,1636,356,16.1,149,1015,2.7
5/31/2013 19:17,1636,359,16.1,149,1015,2.7
5/31/2013 19:17,1636,361,16.1,149,1015,2.7
5/31/2013 19:17,1636,364,16.1,149,1015,2.6
5/31/2013 19:17,1636,367,16.1,150,1015,2.7
5/31/2013 19:17,1636,369,16.1,151,1015,2.7
5/31/2013 19:17,1636,372,16.1,151,1015,2.7
5/31/2013 19:17,1636,375,16.1,151,1015,2.7
5/31/2013 19:17,1636,378,16.1,150,1015,2.7
5/31/2013 19:17,1636,378,16.1,150,1015,2.7
5/31/2013 19:17,1636,378,16.2,150,1015,2.7
5/31/2013 19:17,1636,378,16.2,149,1015,2.7
5/31/2013 19:17,1636,378,16.2,149,1015,2.7
5/31/2013 19:17,1636,378,16.2,148,1015,2.7
5/31/2013 19:17,1636,378,16.2,148,1015,2.6
5/31/2013 19:17,1636,378,16.2,148,1015,2.6
5/31/2013 19:17,1635,378,16.2,149,1015,2.6
5/31/2013 19:17,1635,399,16.2,149,1015,2.6
5/31/2013 19:17,1635,399,16.2,150,1015,2.6
5/31/2013 19:17,1635,399,16.2,151,1015,2.6
5/31/2013 19:17,1635,399,16.5,150,1015,2.6
5/31/2013 19:17,1635,399,16.5,151,1015,2.5
5/31/2013 19:17,1635,399,16.5,151,1015,2.5
5/31/2013 19:17,1635,399,16.5,152,1015,2.5
5/31/2013 19:17,1635,399,16.5,152,1015,2.5
5/31/2013 19:17,1635,399,16.5,152,1015,2.5
5/31/2013 19:17,1635,420,16.5,152,1015,2.5
5/31/2013 19:17,1635,420,16.5,152,1015,2.5
5/31/2013 19:17,1635,420,16.5,152,1015,2.5
5/31/2013 19:17,1635,420,16.5,152,1015,2.5
5/31/2013 19:17,1635,420,16.8,151,1015,2.5
5/31/2013 19:17,1635,420,16.8,151,1015,2.5
5/31/2013 19:17,1635,436,16.8,151,1015,2.5
5/31/2013 19:17,1635,436,16.8,152,1015,2.5
5/31/2013 19:17,1635,436,16.8,153,1015,2.5
5/31/2013 19:17,1635,436,16.8,152,1015,2.5
5/31/2013 19:17,1635,436,16.8,152,1015,2.5
5/31/2013 19:17,1635,436,16.8,153,1015,2.5
5/31/2013 19:17,1635,450,16.8,153,1015,2.5
5/31/2013 19:17,1635,450,16.8,153,1015,2.5
5/31/2013 19:17,1635,450,17.2,152,1015,2.5
5/31/2013 19:17,1635,450,17.2,153,1015,2.5
5/31/2013 19:17,1635,450,17.2,153,1015,2.5
5/31/2013 19:17,1635,450,17.2,152,1015,2.5
5/31/2013 19:17,1635,464,17.2,153,1015,2.5
5/31/2013 19:17,1635,464,17.2,153,1015,2.5
5/31/2013 19:18,1635,464,17.2,153,1015,2.5
5/31/2013 19:18,1635,464,17.2,153,1015,2.5
5/31/2013 19:18,1635,464,17.2,153,1015,2.5
5/31/2013 19:18,1635,464,17.2,153,1015,2.5
5/31/2013 19:18,1635,464,17.4,153,1015,2.5
5/31/2013 19:18,1635,480,17.4,153,1015,2.5
5/31/2013 19:18,1635,480,17.4,154,1015,2.5
5/31/2013 19:18,1635,480,17.4,154,1015,2.4
5/31/2013 19:18,1635,480,17.4,154,1015,2.4
5/31/2013 19:18,1635,480,17.4,154,1015,2.4
5/31/2013 19:18,1635,480,17.4,154,1015,2.4
5/31/2013 19:18,1635,480,17.4,154,1015,2.4
5/31/2013 19:18,1635,480,17.4,152,1015,2.4
5/31/2013 19:18,1635,497,17.4,151,1015,2.4
5/31/2013 19:18,1635,497,16.8,152,1015,2.4
5/31/2013 19:18,1635,497,16.8,153,1015,2.4
5/31/2013 19:18,1635,497,16.8,152,1015,2.4
5/31/2013 19:18,1635,497,16.8,152,1015,2.4
5/31/2013 19:18,1635,497,16.8,152,1015,2.4
5/31/2013 19:18,1635,497,16.8,153,1015,2.4
5/31/2013 19:18,1635,497,16.8,153,1015,2.4
5/31/2013 19:18,1635,497,16.8,153,1015,2.4
5/31/2013 19:18,1635,497,16.8,153,1015,2.4
5/31/2013 19:18,1635,517,16.8,154,1015,2.4
5/31/2013 19:18,1635,517,17.5,154,1015,2.4
5/31/2013 19:18,1635,517,17.5,154,1015,2.4
5/31/2013 19:18,1635,517,17.5,155,1015,2.4
5/31/2013 19:18,1635,517,17.5,155,1015,2.4
5/31/2013 19:18,1635,517,17.5,155,1015,2.4
5/31/2013 19:18,1635,517,17.5,154,1015,2.3
5/31/2013 19:18,1635,517,17.5,154,1015,2.3
5/31/2013 19:18,1635,517,17.5,154,1015,2.3
5/31/2013 19:18,1635,536,17.5,154,1015,2.3
5/31/2013 19:18,1635,536,17.5,154,1015,2.3
5/31/2013 19:18,1635,536,17.5,154,1015,2.3
5/31/2013 19:18,1635,536,17.5,155,1015,2.3
5/31/2013 19:18,1635,536,17.5,155,1015,2.3
5/31/2013 19:18,1635,536,17.5,155,1015,2.3
5/31/2013 19:18,1635,536,17.5,156,1015,2.3
5/31/2013 19:18,1635,536,17.5,156,1015,2.3
5/31/2013 19:18,1634,555,17.5,156,1015,2.3
5/31/2013 19:18,1634,555,17.5,155,1015,2.3
5/31/2013 19:18,1634,555,17.5,156,1015,2.3
5/31/2013 19:18,1634,555,17.5,156,1015,2.3
5/31/2013 19:18,1634,555,18.4,156,1015,2.3
5/31/2013 19:18,1634,555,18.4,157,1015,2.3
5/31/2013 19:18,1634,555,18.4,157,1015,2.3
5/31/2013 19:18,1634,569,18.4,156,1015,2.3
5/31/2013 19:18,1634,569,18.4,156,1015,2.3
5/31/2013 19:18,1634,569,18.4,157,1015,2.3
5/31/2013 19:18,1634,569,18.4,157,1015,2.3
5/31/2013 19:18,1634,569,18.4,156,1015,2.3
5/31/2013 19:18,1634,569,18.4,156,1015,2.3
5/31/2013 19:18,1634,569,18.4,156,1015,2.3
5/31/2013 19:18,1634,569,18.8,156,1015,2.3
5/31/2013 19:18,1634,588,18.8,155,1015,2.3
5/31/2013 19:18,1634,588,18.8,156,1015,2.3
5/31/2013 19:18,1634,588,18.8,156,1015,2.3
5/31/2013 19:18,1634,588,18.8,157,1015,2.3
5/31/2013 19:18,1634,588,18.8,158,1015,2.3
5/31/2013 19:19,1632,588,18.8,158,1015,2.3
5/31/2013 19:19,1632,588,18.8,157,1015,2.3
5/31/2013 19:19,1632,588,18.8,157,1015,2.3
5/31/2013 19:19,1632,588,18.8,157,1015,2.3
5/31/2013 19:19,1632,610,18.9,156,1015,2.3
5/31/2013 19:19,1632,610,18.9,155,1015,2.3
5/31/2013 19:19,1632,610,18.9,156,1015,2.3
5/31/2013 19:19,1632,610,18.9,157,1015,2.3
5/31/2013 19:19,1632,610,18.9,157,1015,2.3
5/31/2013 19:19,1632,610,18.9,157,1015,2.3
5/31/2013 19:19,1632,610,18.9,158,1015,2.3
5/31/2013 19:19,1632,610,18.9,158,1015,2.3
5/31/2013 19:19,1632,610,18.9,157,1015,2.3
5/31/2013 19:19,1632,631,18.9,158,1015,2.3
5/31/2013 19:19,1632,631,19.2,159,1015,2.3
5/31/2013 19:19,1632,631,19.2,160,1015,2.3
5/31/2013 19:19,1632,631,19.2,159,1015,2.3
5/31/2013 19:19,1632,631,19.2,160,1015,2.3
5/31/2013 19:19,1632,631,19.2,159,1015,2.3
5/31/2013 19:19,1632,631,19.2,160,1015,2.4
5/31/2013 19:19,1633,631,19.2,160,1015,2.4
5/31/2013 19:19,1633,652,19.2,159,1015,2.4
5/31/2013 19:19,1633,652,19.2,160,1015,2.4
5/31/2013 19:19,1633,652,19.2,160,1015,2.4
5/31/2013 19:19,1633,652,19.4,160,1015,2.4
5/31/2013 19:19,1633,652,19.4,160,1015,2.4
5/31/2013 19:19,1633,652,19.4,161,1015,2.4
5/31/2013 19:19,1633,652,19.4,161,1015,2.4
5/31/2013 19:19,1633,652,19.4,161,1015,2.4
5/31/2013 19:19,1633,674,19.4,161,1015,2.4
5/31/2013 19:19,1633,674,19.4,161,1015,2.4
5/31/2013 19:19,1633,674,19.4,162,1015,2.4
5/31/2013 19:19,1633,674,19.4,162,1015,2.4
5/31/2013 19:19,1633,674,19.4,162,1015,2.4
5/31/2013 19:19,1633,674,19.8,162,1015,2.4
5/31/2013 19:19,1633,674,19.8,161,1015,2.4
5/31/2013 19:19,1633,674,19.8,162,1015,2.4
5/31/2013 19:19,1633,694,19.8,162,1015,2.4
5/31/2013 19:19,1633,694,19.8,162,1015,2.4
5/31/2013 19:19,1633,694,19.8,162,1015,2.4
5/31/2013 19:19,1632,694,19.8,162,1015,2.4
5/31/2013 19:19,1632,694,19.8,161,1015,2.4
5/31/2013 19:19,1632,694,19.8,161,1015,2.4
5/31/2013 19:19,1632,694,19.8,161,1015,2.4
5/31/2013 19:19,1632,694,19.9,161,1015,2.4
5/31/2013 19:19,1632,694,19.9,161,1015,2.4
5/31/2013 19:19,1632,694,19.9,161,1015,2.4
5/31/2013 19:19,1632,717,19.9,161,1015,2.4
5/31/2013 19:19,1632,717,19.9,161,1015,2.4
5/31/2013 19:19,1632,717,19.9,161,1015,2.4
5/31/2013 19:19,1632,717,19.9,161,1015,2.4
5/31/2013 19:19,1632,717,19.9,162,1015,2.4
5/31/2013 19:19,1632,717,19.9,161,1015,2.4
5/31/2013 19:19,1632,717,19.9,161,1015,2.4
5/31/2013 19:19,1632,717,20,161,1015,2.3
5/31/2013 19:19,1632,717,20,161,1015,2.3
5/31/2013 19:19,1632,717,20,161,1015,2.3
5/31/2013 19:19,1632,717,20,161,1015,2.3
5/31/2013 19:19,1632,717,20,160,1015,2.3
5/31/2013 19:19,1632,717,20,159,1015,2.3
5/31/2013 19:20,1633,717,20,159,1015,2.3
5/31/2013 19:20,1633,717,20,160,1015,2.3
5/31/2013 19:20,1633,717,20,160,1015,2.3
5/31/2013 19:20,1633,717,20,161,1015,2.2
5/31/2013 19:20,1633,734,19.9,160,1015,2.2
5/31/2013 19:20,1633,734,19.9,161,1015,2.2
5/31/2013 19:20,1633,734,19.9,161,1015,2.2
5/31/2013 19:20,1633,734,19.9,161,1015,2.2
5/31/2013 19:20,1633,734,19.9,162,1015,2.2
5/31/2013 19:20,1633,734,19.9,162,1015,2.2
5/31/2013 19:20,1632,734,19.9,162,1015,2.2
5/31/2013 19:20,1632,749,19.9,162,1015,2.2
5/31/2013 19:20,1632,749,19.9,163,1015,2.2
5/31/2013 19:20,1632,749,19.9,163,1015,2.2
5/31/2013 19:20,1632,749,20.1,163,1015,2.3
5/31/2013 19:20,1632,749,20.1,164,1015,2.3
5/31/2013 19:20,1632,749,20.1,163,1015,2.3
5/31/2013 19:20,1632,749,20.1,164,1015,2.3
5/31/2013 19:20,1632,766,20.1,164,1015,2.3
5/31/2013 19:20,1632,766,20.1,164,1015,2.3
5/31/2013 19:20,1632,766,20.1,163,1015,2.3
5/31/2013 19:20,1632,766,20.1,164,1015,2.2
5/31/2013 19:20,1632,766,20.1,164,1015,2.2
5/31/2013 19:20,1632,766,20.1,164,1015,2.2
5/31/2013 19:20,1632,766,20.5,164,1015,2.2
5/31/2013 19:20,1632,766,20.5,165,1015,2.2
5/31/2013 19:20,1632,766,20.5,165,1015,2.2
5/31/2013 19:20,1632,766,20.5,165,1015,2.2
5/31/2013 19:20,1632,787,20.5,165,1015,2.2
5/31/2013 19:20,1632,787,20.5,165,1015,2.2
5/31/2013 19:20,1632,787,20.5,165,1015,2.2
5/31/2013 19:20,1632,787,20.5,164,1015,2.2
5/31/2013 19:20,1632,787,20.5,164,1015,2.3
5/31/2013 19:20,1632,787,20.5,164,1015,2.3
5/31/2013 19:20,1632,787,20.6,164,1015,2.3
5/31/2013 19:20,1632,787,20.6,164,1015,2.3
5/31/2013 19:20,1632,809,20.6,164,1015,2.3
5/31/2013 19:20,1632,809,20.6,165,1015,2.3
5/31/2013 19:20,1632,809,20.6,165,1015,2.3
5/31/2013 19:20,1632,809,20.6,165,1015,2.3
5/31/2013 19:20,1631,809,20.6,163,1015,2.2
5/31/2013 19:20,1631,809,20.6,164,1015,2.2
5/31/2013 19:20,1631,809,20.6,164,1015,2.2
5/31/2013 19:20,1631,809,20.6,164,1015,2.2
5/31/2013 19:20,1631,809,20.6,164,1015,2.2
5/31/2013 19:20,1631,825,20.6,164,1015,2.2
5/31/2013 19:20,1631,825,20.6,164,1015,2.2
5/31/2013 19:20,1631,825,20.6,164,1015,2.2
5/31/2013 19:20,1631,825,20.6,164,1015,2.2
5/31/2013 19:20,1631,825,20.6,165,1015,2.2
5/31/2013 19:20,1631,825,20.6,164,1015,2.2
5/31/2013 19:20,1631,825,20.6,164,1015,2.2
5/31/2013 19:20,1631,825,20.6,165,1015,2.2
5/31/2013 19:20,1631,842,20.6,165,1015,2.2
5/31/2013 19:20,1631,842,20.7,165,1015,2.2
5/31/2013 19:20,1631,842,20.7,164,1015,2.2
5/31/2013 19:20,1631,842,20.7,165,1015,2.2
5/31/2013 19:20,1631,842,20.7,165,1015,2.2
5/31/2013 19:20,1631,842,20.7,165,1015,2.2
5/31/2013 19:20,1631,842,20.7,165,1015,2.2
5/31/2013 19:21,1630,842,20.7,165,1015,2.2
5/31/2013 19:21,1630,860,20.7,165,1015,2.2
5/31/2013 19:21,1630,860,20.7,165,1015,2.2
5/31/2013 19:21,1630,860,20.7,164,1015,2.2
5/31/2013 19:21,1630,860,20.6,165,1015,2.2
5/31/2013 19:21,1630,860,20.6,165,1015,2.2
5/31/2013 19:21,1630,860,20.6,164,1015,2.2
5/31/2013 19:21,1630,876,20.6,165,1015,2.2
5/31/2013 19:21,1630,876,20.6,165,1015,2.2
5/31/2013 19:21,1630,876,20.6,165,1015,2.2
5/31/2013 19:21,1631,876,20.6,165,1015,2.2
5/31/2013 19:21,1631,876,20.6,165,1015,2.2
5/31/2013 19:21,1631,876,20.6,164,1015,2.3
5/31/2013 19:21,1631,876,20.6,164,1015,2.3
5/31/2013 19:21,1631,891,20.6,164,1015,2.3
5/31/2013 19:21,1631,891,20.6,164,1015,2.3
5/31/2013 19:21,1631,891,20.6,164,1015,2.3
5/31/2013 19:21,1631,891,20.6,163,1015,2.3
5/31/2013 19:21,1631,891,20.6,164,1015,2.3
5/31/2013 19:21,1631,891,20.6,164,1015,2.2
5/31/2013 19:21,1631,891,20.6,165,1015,2.2
5/31/2013 19:21,1631,891,20.6,165,1015,2.2
5/31/2013 19:21,1631,908,20.6,165,1015,2.2
5/31/2013 19:21,1631,908,20.6,165,1015,2.2
5/31/2013 19:21,1631,908,20.7,165,1015,2.2
5/31/2013 19:21,1631,908,20.7,165,1015,2.2
5/31/2013 19:21,1631,908,20.7,165,1015,2.2
5/31/2013 19:21,1631,908,20.7,165,1015,2.2
5/31/2013 19:21,1631,908,20.7,165,1015,2.2
5/31/2013 19:21,1631,908,20.7,165,1015,2.2
5/31/2013 19:21,1631,924,20.7,165,1015,2.2
5/31/2013 19:21,1631,924,20.7,166,1015,2.2
5/31/2013 19:21,1631,924,20.7,166,1015,2.2
5/31/2013 19:21,1631,924,20.7,166,1015,2.2
5/31/2013 19:21,1631,924,20.7,165,1015,2.2
5/31/2013 19:21,1631,924,20.7,166,1015,2.2
5/31/2013 19:21,1631,924,20.7,166,1015,2.2
5/31/2013 19:21,1631,939,20.7,166,1015,2.2
5/31/2013 19:21,1631,939,20.7,165,1015,2.2
5/31/2013 19:21,1631,939,20.7,166,1015,2.2
5/31/2013 19:21,1631,939,20.7,166,1015,2.2
5/31/2013 19:21,1631,939,20.7,166,1015,2.2
5/31/2013 19:21,1631,939,20.7,167,1015,2.2
5/31/2013 19:21,1631,939,20.7,166,1015,2.2
5/31/2013 19:21,1631,955,20.8,165,1015,2.2
5/31/2013 19:21,1631,955,20.8,166,1015,2.2
5/31/2013 19:21,1631,955,20.8,166,1015,2.2
5/31/2013 19:21,1631,955,20.8,166,1015,2.2
5/31/2013 19:21,1631,955,20.8,166,1015,2.2
5/31/2013 19:21,1631,955,20.8,165,1015,2.2
5/31/2013 19:21,1630,955,20.8,165,1015,2.2
5/31/2013 19:21,1630,970,20.8,166,1015,2.2
5/31/2013 19:21,1630,970,20.8,165,1015,2.2
5/31/2013 19:21,1630,970,20.8,165,1015,2.2
5/31/2013 19:21,1630,970,20.8,165,1015,2.2
5/31/2013 19:21,1630,970,20.8,165,1015,2.2
5/31/2013 19:21,1630,970,20.8,165,1015,2.2
5/31/2013 19:21,1630,970,20.8,165,1015,2.2
5/31/2013 19:21,1630,970,20.8,165,1015,2.2
5/31/2013 19:21,1630,970,20.8,165,1015,2.2
5/31/2013 19:22,1630,970,20.8,165,1015,2.2
5/31/2013 19:22,1630,992,20.8,165,1015,2.2
5/31/2013 19:22,1630,992,20.8,165,1015,2.2
5/31/2013 19:22,1630,992,20.8,165,1015,2.2
5/31/2013 19:22,1630,992,20.8,165,1015,2.2
5/31/2013 19:22,1630,992,20.8,165,1015,2.2
5/31/2013 19:22,1630,992,20.8,165,1015,2.2
5/31/2013 19:22,1630,992,20.8,164,1015,2.2
5/31/2013 19:22,1630,992,20.8,164,1015,2.2
5/31/2013 19:22,1630,992,20.8,164,1015,2.2
5/31/2013 19:22,1630,992,20.8,164,1015,2.2
5/31/2013 19:22,1630,992,20.8,164,1015,2.2
5/31/2013 19:22,1630,992,20.8,165,1015,2.2
5/31/2013 19:22,1630,992,20.8,164,1015,2.2
5/31/2013 19:22,1630,1013,20.8,165,1015,2.2
5/31/2013 19:22,1630,1013,20.8,166,1015,2.2
5/31/2013 19:22,1630,1013,20.8,165,1015,2.2
5/31/2013 19:22,1630,1013,20.8,166,1015,2.2
5/31/2013 19:22,1630,1013,20.8,166,1015,2.2
5/31/2013 19:22,1630,1013,20.8,166,1015,2.2
5/31/2013 19:22,1631,1013,20.8,166,1015,2.2
5/31/2013 19:22,1631,1013,20.8,167,1015,2.2
5/31/2013 19:22,1631,1013,20.8,167,1015,2.2
5/31/2013 19:22,1631,1033,20.8,167,1015,2.2
5/31/2013 19:22,1631,1033,20.8,166,1015,2.2
5/31/2013 19:22,1631,1033,20.8,167,1015,2.2
5/31/2013 19:22,1631,1033,20.8,167,1015,2.2
5/31/2013 19:22,1631,1033,20.8,167,1015,2.2
5/31/2013 19:22,1631,1033,20.8,167,1015,2.2
5/31/2013 19:22,1631,1033,20.8,167,1015,2.2
5/31/2013 19:22,1630,1033,20.8,167,1015,2.2
5/31/2013 19:22,1630,1033,20.8,167,1015,2.2
5/31/2013 19:22,1630,1033,20.8,166,1015,2.2
5/31/2013 19:22,1630,1054,20.8,167,1015,2.2
5/31/2013 19:22,1630,1054,20.8,167,1015,2.2
5/31/2013 19:22,1630,1054,20.8,167,1015,2.2
5/31/2013 19:22,1630,1054,20.8,166,1015,2.2
5/31/2013 19:22,1630,1054,20.8,167,1015,2.2
5/31/2013 19:22,1630,1054,20.8,166,1015,2.2
5/31/2013 19:22,1630,1054,20.8,166,1015,2.2
5/31/2013 19:22,1630,1054,20.8,166,1015,2.2
5/31/2013 19:22,1630,1071,20.8,166,1015,2.2
5/31/2013 19:22,1630,1071,20.8,167,1015,2.2
5/31/2013 19:22,1630,1071,20.8,167,1015,2.2
5/31/2013 19:22,1630,1071,20.8,167,1015,2.2
5/31/2013 19:22,1630,1071,20.8,167,1015,2.2
5/31/2013 19:22,1630,1071,20.8,167,1015,2.2
5/31/2013 19:22,1630,1071,20.8,167,1015,2.2
5/31/2013 19:22,1630,1071,20.8,167,1015,2.2
5/31/2013 19:22,1630,1071,20.8,167,1015,2.2
5/31/2013 19:22,1630,1091,20.8,167,1015,2.2
5/31/2013 19:22,1630,1091,20.8,167,1015,2.2
5/31/2013 19:22,1630,1091,20.8,168,1015,2.2
5/31/2013 19:22,1630,1091,20.8,167,1015,2.2
5/31/2013 19:22,1630,1091,20.8,168,1015,2.2
5/31/2013 19:22,1630,1091,20.8,167,1015,2.2
5/31/2013 19:22,1630,1091,20.8,167,1015,2.2
5/31/2013 19:22,1630,1091,20.8,168,1015,2.2
5/31/2013 19:22,1630,1091,20.8,167,1015,2.2
5/31/2013 19:22,1630,1091,20.8,167,1015,2.2
5/31/2013 19:23,1628,1112,20.8,168,1015,2.2
5/31/2013 19:23,1628,1112,20.8,168,1015,2.2
5/31/2013 19:23,1628,1112,20.8,167,1015,2.2
5/31/2013 19:23,1628,1112,20.8,168,1015,2.2
5/31/2013 19:23,1628,1112,20.8,168,1015,2.2
5/31/2013 19:23,1628,1112,20.8,168,1015,2.2
5/31/2013 19:23,1628,1112,20.8,167,1015,2.2
5/31/2013 19:23,1628,1112,20.8,167,1015,2.2
5/31/2013 19:23,1628,1112,20.8,168,1015,2.2
5/31/2013 19:23,1628,1129,20.8,168,1015,2.2
5/31/2013 19:23,1629,1129,20.8,167,1015,2.2
5/31/2013 19:23,1629,1129,20.8,167,1015,2.2
5/31/2013 19:23,1629,1129,20.8,167,1015,2.2
5/31/2013 19:23,1629,1129,20.8,167,1015,2.2
5/31/2013 19:23,1629,1129,20.8,166,1015,2.2
5/31/2013 19:23,1629,1129,20.8,167,1015,2.2
5/31/2013 19:23,1629,1129,20.8,167,1015,2.2
5/31/2013 19:23,1629,1129,20.8,166,1015,2.2
5/31/2013 19:23,1629,1147,20.8,166,1015,2.2
5/31/2013 19:23,1629,1147,20.8,166,1015,2.2
5/31/2013 19:23,1629,1147,20.8,166,1015,2.2
5/31/2013 19:23,1629,1147,20.8,166,1015,2.2
5/31/2013 19:23,1629,1147,20.8,166,1015,2.2
5/31/2013 19:23,1629,1147,20.8,165,1015,2.2
5/31/2013 19:23,1629,1147,20.8,166,1015,2.2
5/31/2013 19:23,1629,1147,20.8,166,1015,2.2
5/31/2013 19:23,1629,1147,20.8,166,1015,2.2
5/31/2013 19:23,1629,1168,20.8,165,1015,2.2
5/31/2013 19:23,1629,1168,20.8,166,1015,2.2
5/31/2013 19:23,1629,1168,20.8,166,1015,2.2
5/31/2013 19:23,1629,1168,20.8,166,1015,2.2
5/31/2013 19:23,1629,1168,20.8,166,1015,2.2
5/31/2013 19:23,1629,1168,20.8,166,1015,2.2
5/31/2013 19:23,1629,1168,20.8,166,1015,2.2
5/31/2013 19:23,1629,1168,20.8,166,1015,2.2
5/31/2013 19:23,1629,1168,20.8,166,1015,2.2
5/31/2013 19:23,1629,1168,20.8,166,1015,2.2
5/31/2013 19:23,1629,1189,20.8,166,1015,2.2
5/31/2013 19:23,1629,1189,20.8,165,1015,2.2
5/31/2013 19:23,1629,1189,20.8,165,1015,2.2
5/31/2013 19:23,1630,1189,20.8,164,1015,2.2
5/31/2013 19:23,1630,1189,20.8,164,1015,2.2
5/31/2013 19:23,1630,1189,20.8,163,1015,2.2
5/31/2013 19:23,1630,1189,20.8,164,1015,2.2
5/31/2013 19:23,1630,1189,20.8,163,1015,2.2
5/31/2013 19:23,1630,1189,20.8,163,1015,2.2
5/31/2013 19:23,1630,1189,20.8,163,1015,2.2
5/31/2013 19:23,1630,1189,20.8,163,1015,2.2
5/31/2013 19:23,1630,1209,20.8,162,1015,2.2
5/31/2013 19:23,1630,1209,20.8,163,1015,2.2
5/31/2013 19:23,1631,1209,20.8,162,1015,2.2
5/31/2013 19:23,1631,1209,20.8,162,1015,2.2
5/31/2013 19:23,1631,1209,20.8,163,1015,2.1
5/31/2013 19:23,1631,1209,20.8,163,1015,2.1
5/31/2013 19:23,1631,1209,20.7,163,1015,2.1
5/31/2013 19:23,1631,1209,20.7,164,1015,2.1
5/31/2013 19:23,1631,1209,20.7,164,1015,2.1
5/31/2013 19:23,1631,1209,20.7,164,1015,2.1
5/31/2013 19:23,1631,1209,20.7,165,1015,2.1
5/31/2013 19:23,1631,1231,20.7,165,1015,2.1
5/31/2013 19:24,1631,1231,20.7,166,1015,2.1
5/31/2013 19:24,1631,1231,20.7,166,1015,2.1
5/31/2013 19:24,1631,1231,20.7,167,1015,2.1
5/31/2013 19:24,1631,1231,20.7,167,1015,2.1
5/31/2013 19:24,1631,1231,20.7,167,1015,2.1
5/31/2013 19:24,1631,1231,20.7,168,1015,2.1
5/31/2013 19:24,1631,1231,20.7,168,1015,2.1
5/31/2013 19:24,1631,1231,20.7,168,1015,2.1
5/31/2013 19:24,1631,1231,20.7,168,1015,2.1
5/31/2013 19:24,1631,1231,20.7,168,1015,2.1
5/31/2013 19:24,1631,1252,20.7,168,1015,2.1
5/31/2013 19:24,1631,1252,20.7,169,1015,2.1
5/31/2013 19:24,1631,1252,20.7,168,1015,2.1
5/31/2013 19:24,1631,1252,20.7,169,1015,2.1
5/31/2013 19:24,1631,1252,20.8,170,1015,2.1
5/31/2013 19:24,1631,1252,20.8,169,1015,2.1
5/31/2013 19:24,1631,1252,20.8,170,1015,2.1
5/31/2013 19:24,1631,1252,20.8,170,1015,2.1
5/31/2013 19:24,1631,1252,20.8,170,1015,2.1
5/31/2013 19:24,1631,1252,20.8,170,1015,2.1
5/31/2013 19:24,1632,1252,20.8,170,1015,2
5/31/2013 19:24,1632,1252,20.8,169,1015,0.9
5/31/2013 19:24,1632,1270,20.8,169,1015,0.5
5/31/2013 19:24,1632,1270,20.8,168,1015,0.3
5/31/2013 19:24,1632,1270,20.8,168,1015,0
5/31/2013 19:24,1632,1270,20.8,167,1015,0
5/31/2013 19:24,1632,1270,20.8,166,1015,0
5/31/2013 19:24,1632,1270,20.8,165,1015,0
5/31/2013 19:24,1632,1270,20.8,165,1015,0
5/31/2013 19:24,1632,1270,20.8,163,1015,0
5/31/2013 19:24,1632,1270,20.8,162,1015,0
5/31/2013 19:24,1632,1270,20.8,162,1015,0
5/31/2013 19:24,1632,1270,20.8,161,1015,0.8
5/31/2013 19:24,1632,1270,20.8,161,1015,1.6
5/31/2013 19:24,1632,1270,20.3,161,1015,2.1
5/31/2013 19:24,1632,1270,20.3,161,1015,2.2
5/31/2013 19:24,1632,1270,20.3,161,1015,2.2
5/31/2013 19:24,1632,1270,20.3,161,1015,2.2
5/31/2013 19:24,1632,1284,20.3,160,1015,2.2
5/31/2013 19:24,1632,1284,20.3,160,1015,2.2
5/31/2013 19:24,1632,1284,20.3,160,1015,2.2
5/31/2013 19:24,1632,1284,20.3,161,1015,2.2
5/31/2013 19:24,1632,1284,20.3,161,1015,2.1
5/31/2013 19:24,1632,1284,20.3,161,1015,2
5/31/2013 19:24,1632,1284,20.2,162,1015,1.9
5/31/2013 19:24,1632,1284,20.2,162,1015,1.8
5/31/2013 19:24,1632,1299,20.2,163,1015,1.9
5/31/2013 19:24,1632,1299,20.2,162,1015,1.9
5/31/2013 19:24,1632,1299,20.2,163,1015,2
5/31/2013 19:24,1632,1299,20.2,163,1015,2
5/31/2013 19:24,1632,1299,20.2,163,1015,2
5/31/2013 19:24,1632,1299,20.2,164,1015,2
5/31/2013 19:24,1632,1299,20.2,163,1015,2.1
5/31/2013 19:24,1632,1314,20.2,163,1015,2.1
5/31/2013 19:24,1632,1314,20.4,163,1015,2.1
5/31/2013 19:24,1632,1314,20.4,164,1015,2.1
5/31/2013 19:24,1632,1314,20.4,163,1015,2.1
5/31/2013 19:24,1632,1314,20.4,163,1015,2.1
5/31/2013 19:24,1632,1314,20.4,163,1015,2.1
5/31/2013 19:24,1632,1327,20.4,163,1015,2.1
5/31/2013 19:25,1631,1327,20.4,163,1015,2.1
5/31/2013 19:25,1631,1327,20.4,163,1015,2.1
5/31/2013 19:25,1631,1327,20.4,163,1015,2.1
5/31/2013 19:25,1631,1327,20.4,163,1015,2.1
5/31/2013 19:25,1631,1327,20.5,163,1015,2.1
5/31/2013 19:25,1631,1340,20.5,163,1015,2.1
5/31/2013 19:25,1631,1340,20.5,163,1015,2.1
5/31/2013 19:25,1631,1340,20.5,164,1015,2.1
5/31/2013 19:25,1631,1340,20.5,164,1015,2.1
5/31/2013 19:25,1631,1340,20.5,164,1015,2.1
5/31/2013 19:25,1631,1340,20.5,164,1015,2.1
5/31/2013 19:25,1631,1340,20.5,165,1015,2.1
5/31/2013 19:25,1631,1355,20.5,165,1015,2.1
5/31/2013 19:25,1631,1355,20.5,165,1015,2.1
5/31/2013 19:25,1631,1355,20.7,165,1015,2.1
5/31/2013 19:25,1631,1355,20.7,166,1015,2.1
5/31/2013 19:25,1631,1355,20.7,166,1015,2.1
5/31/2013 19:25,1631,1355,20.7,166,1015,2.1
5/31/2013 19:25,1631,1355,20.7,166,1015,2.1
5/31/2013 19:25,1631,1369,20.7,167,1015,2.1
5/31/2013 19:25,1631,1369,20.7,167,1015,2.1
5/31/2013 19:25,1631,1369,20.7,167,1015,2.1
5/31/2013 19:25,1631,1369,20.7,166,1015,2.1
5/31/2013 19:25,1631,1369,20.7,166,1015,2.1
5/31/2013 19:25,1631,1369,20.7,166,1015,2.1
5/31/2013 19:25,1631,1369,20.7,167,1015,2.1
5/31/2013 19:25,1631,1384,20.7,166,1015,2.1
5/31/2013 19:25,1631,1384,20.7,166,1015,2.1
5/31/2013 19:25,1631,1384,20.7,166,1015,2.1
5/31/2013 19:25,1631,1384,20.7,167,1015,2.1
5/31/2013 19:25,1630,1384,20.7,167,1015,2.1
5/31/2013 19:25,1630,1384,20.7,167,1015,2.1
5/31/2013 19:25,1630,1384,20.7,167,1015,2.1
5/31/2013 19:25,1630,1400,20.7,166,1015,2.1
5/31/2013 19:25,1630,1400,20.8,166,1015,2.1
5/31/2013 19:25,1630,1400,20.8,166,1015,2.1
5/31/2013 19:25,1630,1400,20.8,167,1015,2.1
5/31/2013 19:25,1630,1400,20.8,166,1015,2.1
5/31/2013 19:25,1630,1400,20.8,167,1015,2.1
5/31/2013 19:25,1630,1400,20.8,167,1015,2.1
5/31/2013 19:25,1630,1415,20.8,167,1015,2.1
5/31/2013 19:25,1630,1415,20.8,167,1015,2.1
5/31/2013 19:25,1630,1415,20.8,167,1015,2.1
5/31/2013 19:25,1630,1415,20.8,166,1015,2.1
5/31/2013 19:25,1630,1415,20.8,167,1015,2.1
5/31/2013 19:25,1630,1415,20.8,167,1015,2.1
5/31/2013 19:25,1630,1415,20.8,168,1015,2.1
5/31/2013 19:25,1630,1415,20.8,167,1015,2.1
5/31/2013 19:25,1630,1431,20.8,168,1015,2.1
5/31/2013 19:25,1630,1431,20.8,167,1015,2.1
5/31/2013 19:25,1629,1431,20.8,167,1015,2.1
5/31/2013 19:25,1629,1431,20.8,168,1015,2.1
5/31/2013 19:25,1629,1431,20.8,168,1015,2.1
5/31/2013 19:25,1629,1431,20.8,168,1015,2.1
5/31/2013 19:25,1629,1431,20.8,168,1015,2.1
5/31/2013 19:25,1629,1431,20.8,169,1015,2.1
5/31/2013 19:25,1629,1448,20.8,169,1015,2.1
5/31/2013 19:25,1629,1448,20.8,169,1015,2.1
5/31/2013 19:25,1629,1448,20.8,169,1015,2.1
5/31/2013 19:25,1629,1448,20.8,169,1015,2.1
5/31/2013 19:26,1629,1448,20.8,169,1015,2.1
5/31/2013 19:26,1629,1448,20.8,169,1015,2.1
5/31/2013 19:26,1629,1448,20.8,170,1015,2.1
5/31/2013 19:26,1629,1463,20.8,169,1015,2.1
5/31/2013 19:26,1629,1463,20.8,170,1015,2.1
5/31/2013 19:26,1629,1463,20.8,170,1015,2.1
5/31/2013 19:26,1629,1463,20.8,170,1015,2.1
5/31/2013 19:26,1629,1463,20.8,170,1015,2.1
5/31/2013 19:26,1629,1463,20.8,170,1015,2.1
5/31/2013 19:26,1629,1463,20.8,171,1015,2.1
5/31/2013 19:26,1629,1479,20.8,170,1015,2.1
5/31/2013 19:26,1629,1479,20.8,170,1015,2.1
5/31/2013 19:26,1629,1479,20.8,170,1015,2.1
5/31/2013 19:26,1629,1479,20.8,170,1015,2.1
5/31/2013 19:26,1629,1479,20.8,170,1015,2.1
5/31/2013 19:26,1629,1490,20.8,171,1015,2.1
5/31/2013 19:26,1629,1490,20.8,171,1015,2.1
5/31/2013 19:26,1629,1490,20.8,171,1015,2.1
5/31/2013 19:26,1629,1490,20.8,171,1015,2.1
5/31/2013 19:26,1629,1490,20.8,171,1015,2.1
5/31/2013 19:26,1628,1490,20.8,171,1015,2.1
5/31/2013 19:26,1628,1490,20.8,171,1015,2.1
5/31/2013 19:26,1628,1490,20.8,171,1015,2.1
5/31/2013 19:26,1628,1507,20.8,171,1015,2.1
5/31/2013 19:26,1628,1507,20.8,170,1015,2.1
5/31/2013 19:26,1628,1507,20.8,170,1015,2.1
5/31/2013 19:26,1628,1507,20.8,170,1015,2.1
5/31/2013 19:26,1628,1507,20.8,170,1015,2.1
5/31/2013 19:26,1628,1507,20.8,169,1015,2.1
5/31/2013 19:26,1628,1507,20.8,170,1015,2.1
5/31/2013 19:26,1628,1507,20.8,170,1015,2.1
5/31/2013 19:26,1628,1523,20.8,170,1015,2.1
5/31/2013 19:26,1628,1523,20.8,170,1015,2.1
5/31/2013 19:26,1628,1523,20.8,169,1015,2.1
5/31/2013 19:26,1628,1523,20.8,170,1015,2.1
5/31/2013 19:26,1628,1523,20.8,169,1015,2.1
5/31/2013 19:26,1628,1523,20.8,169,1015,2.1
5/31/2013 19:26,1628,1523,20.8,169,1015,2.1
5/31/2013 19:26,1628,1523,20.8,169,1015,2.1
5/31/2013 19:26,1628,1539,20.8,169,1015,2.1
5/31/2013 19:26,1630,1539,20.8,169,1015,2.1
5/31/2013 19:26,1630,1539,20.8,169,1015,2.1
5/31/2013 19:26,1630,1539,20.8,169,1015,2.1
5/31/2013 19:26,1630,1539,20.8,170,1015,2.1
5/31/2013 19:26,1630,1539,20.8,169,1015,2.1
5/31/2013 19:26,1630,1539,20.8,169,1015,2.1
5/31/2013 19:26,1630,1554,20.8,169,1015,2.1
5/31/2013 19:26,1630,1554,20.8,169,1015,2.1
5/31/2013 19:26,1630,1554,20.8,169,1015,2.1
5/31/2013 19:26,1630,1554,20.8,169,1015,2.1
5/31/2013 19:26,1629,1554,20.8,169,1015,2.1
5/31/2013 19:26,1629,1554,20.8,170,1015,2.1
5/31/2013 19:26,1629,1554,20.8,170,1015,2.1
5/31/2013 19:26,1629,1570,20.8,170,1015,2.1
5/31/2013 19:26,1629,1570,20.8,170,1015,2.1
5/31/2013 19:26,1629,1570,20.8,170,1015,2.1
5/31/2013 19:26,1629,1570,20.8,170,1015,2.1
5/31/2013 19:26,1629,1570,20.8,171,1015,2.1
5/31/2013 19:26,1629,1570,20.8,170,1015,2.1
5/31/2013 19:26,1629,1570,20.8,171,1015,2.1
5/31/2013 19:27,1629,1585,20.8,170,1015,2.1
5/31/2013 19:27,1629,1585,20.8,171,1015,2.1
5/31/2013 19:27,1629,1585,20.8,170,1015,2.1
5/31/2013 19:27,1629,1585,20.8,171,1015,2.1
5/31/2013 19:27,1629,1585,20.8,171,1015,2.1
5/31/2013 19:27,1629,1585,20.8,171,1015,2.1
5/31/2013 19:27,1629,1585,20.8,171,1015,2.1
5/31/2013 19:27,1629,1585,20.8,171,1015,2.1
5/31/2013 19:27,1629,1602,20.8,171,1015,2.1
5/31/2013 19:27,1629,1602,20.8,171,1015,2.1
5/31/2013 19:27,1629,1602,20.8,171,1015,2.1
5/31/2013 19:27,1629,1602,20.8,171,1015,2.1
5/31/2013 19:27,1629,1602,20.8,170,1015,2.1
5/31/2013 19:27,1629,1602,20.8,170,1015,2.1
5/31/2013 19:27,1629,1602,20.8,169,1015,2.1
5/31/2013 19:27,1629,1602,20.8,168,1015,2.1
5/31/2013 19:27,1629,1618,20.8,167,1015,2.1
5/31/2013 19:27,1629,1618,20.8,168,1015,2.1
5/31/2013 19:27,1629,1618,20.8,169,1015,2.1
5/31/2013 19:27,1629,1618,20.8,168,1015,2.1
5/31/2013 19:27,1629,1618,20.8,168,1015,2.1
5/31/2013 19:27,1629,1618,20.8,169,1015,2.1
5/31/2013 19:27,1629,1618,20.8,169,1015,2.1
5/31/2013 19:27,1629,1618,20.8,169,1015,2.1
5/31/2013 19:27,1629,1635,20.8,169,1015,2.1
5/31/2013 19:27,1629,1635,20.8,170,1015,2.1
5/31/2013 19:27,1629,1635,20.8,169,1015,2.1
5/31/2013 19:27,1629,1635,20.8,170,1015,2.1
5/31/2013 19:27,1629,1635,20.8,170,1015,2.1
5/31/2013 19:27,1629,1635,20.8,170,1015,2.1
5/31/2013 19:27,1629,1635,20.8,170,1015,2.1
5/31/2013 19:27,1629,1650,20.8,170,1015,2.1
5/31/2013 19:27,1629,1650,20.8,170,1015,2.1
5/31/2013 19:27,1629,1650,20.8,169,1015,2.1
5/31/2013 19:27,1629,1650,20.8,170,1015,2.1
5/31/2013 19:27,1629,1650,20.8,169,1015,2.1
5/31/2013 19:27,1629,1650,20.8,170,1015,2.1
5/31/2013 19:27,1629,1650,20.8,170,1015,2.1
5/31/2013 19:27,1629,1667,20.8,170,1015,2.1
5/31/2013 19:27,1629,1667,20.8,170,1015,2.1
5/31/2013 19:27,1629,1667,20.8,170,1015,2.1
5/31/2013 19:27,1629,1667,20.8,170,1015,2.1
5/31/2013 19:27,1629,1667,20.8,170,1015,2.1
5/31/2013 19:27,1629,1667,20.8,171,1015,2.1
5/31/2013 19:27,1629,1667,20.8,170,1015,2.1
5/31/2013 19:27,1629,1682,20.8,170,1015,2.1
5/31/2013 19:27,1629,1682,20.8,170,1015,2.1
5/31/2013 19:27,1629,1682,20.8,170,1015,2.1
5/31/2013 19:27,1629,1682,20.8,170,1015,2.1
5/31/2013 19:27,1629,1682,20.8,170,1015,2.1
5/31/2013 19:27,1629,1682,20.8,170,1015,2.1
5/31/2013 19:27,1629,1695,20.8,170,1015,2.1
5/31/2013 19:27,1629,1695,20.8,170,1015,2.1
5/31/2013 19:27,1629,1695,20.8,170,1015,2.1
5/31/2013 19:27,1629,1695,20.8,169,1015,2.1
5/31/2013 19:27,1629,1695,20.8,170,1015,2.1
5/31/2013 19:27,1629,1695,20.8,170,1015,2.1
5/31/2013 19:27,1629,1708,20.8,170,1015,2.1
5/31/2013 19:27,1629,1708,20.8,171,1015,2.1
5/31/2013 19:27,1629,1708,20.8,170,1015,2.1
5/31/2013 19:28,1629,1708,20.8,171,1015,2.2
5/31/2013 19:28,1629,1708,20.8,170,1015,2.2
5/31/2013 19:28,1629,1708,20.8,171,1015,2.2
5/31/2013 19:28,1629,1708,20.8,171,1015,2.2
5/31/2013 19:28,1629,1723,20.8,172,1015,2.1
5/31/2013 19:28,1629,1723,20.8,172,1015,2.1
5/31/2013 19:28,1629,1723,20.8,171,1015,2
5/31/2013 19:28,1629,1723,20.8,171,1015,1.8
5/31/2013 19:28,1629,1723,20.8,170,1015,0.8
5/31/2013 19:28,1629,1723,20.8,168,1015,0.5
5/31/2013 19:28,1629,1723,20.8,167,1015,0.4
5/31/2013 19:28,1630,1723,20.8,166,1015,0.3
5/31/2013 19:28,1630,1723,20.8,165,1015,0
5/31/2013 19:28,1630,1723,20.8,164,1015,0
5/31/2013 19:28,1630,1723,20.8,164,1015,0
5/31/2013 19:28,1630,1723,20.8,162,1015,0.5
5/31/2013 19:28,1630,1723,20.8,162,1015,0.9
5/31/2013 19:28,1630,1723,20.8,162,1015,1.1
5/31/2013 19:28,1630,1723,20.8,162,1015,1.3
5/31/2013 19:28,1630,1723,20.8,161,1015,1.3
5/31/2013 19:28,1630,1723,20.8,161,1015,1.3
5/31/2013 19:28,1629,1736,20.8,161,1015,1.4
5/31/2013 19:28,1629,1736,20.8,161,1015,1.4
5/31/2013 19:28,1629,1736,20.8,161,1015,1.4
5/31/2013 19:28,1629,1736,20.4,161,1015,1.4
5/31/2013 19:28,1629,1736,20.4,161,1015,1.4
5/31/2013 19:28,1629,1736,20.4,161,1015,1.4
5/31/2013 19:28,1629,1736,20.4,160,1015,1.4
5/31/2013 19:28,1629,1736,20.4,159,1015,1.4
5/31/2013 19:28,1629,1736,20.4,159,1015,1.4
5/31/2013 19:28,1629,1749,20.4,158,1015,1.5
5/31/2013 19:28,1628,1749,20.4,157,1015,1.5
5/31/2013 19:28,1628,1749,20.4,157,1015,1.4
5/31/2013 19:28,1628,1749,20.4,156,1015,1.4
5/31/2013 19:28,1628,1749,19.2,156,1015,1.4
5/31/2013 19:28,1628,1749,19.2,155,1015,1.4
5/31/2013 19:28,1628,1749,19.2,155,1015,1.4
5/31/2013 19:28,1628,1749,19.2,155,1015,1.5
5/31/2013 19:28,1628,1761,19.2,154,1015,1.5
5/31/2013 19:28,1628,1761,19.2,153,1015,1.5
5/31/2013 19:28,1628,1761,19.2,153,1015,1.5
5/31/2013 19:28,1628,1761,19.2,153,1015,1.5
5/31/2013 19:28,1628,1761,19.2,152,1015,1.5
5/31/2013 19:28,1628,1761,19.2,151,1015,1.5
5/31/2013 19:28,1628,1761,16.9,151,1015,1.5
5/31/2013 19:28,1628,1761,16.9,150,1015,1.5
5/31/2013 19:28,1628,1774,16.9,150,1015,1.5
5/31/2013 19:28,1628,1774,16.9,150,1015,1.5
5/31/2013 19:28,1628,1774,16.9,149,1015,1.5
5/31/2013 19:28,1628,1774,16.9,149,1015,1.5
5/31/2013 19:28,1628,1774,16.9,149,1015,1.5
5/31/2013 19:28,1628,1774,16.9,148,1015,1.5
5/31/2013 19:28,1628,1774,16.9,148,1015,1.5
5/31/2013 19:28,1628,1784,16.9,148,1015,1.5
5/31/2013 19:28,1628,1784,15.4,148,1015,1.5
5/31/2013 19:28,1628,1784,15.4,148,1015,0.6
5/31/2013 19:28,1628,1784,15.4,148,1015,1.1
5/31/2013 19:28,1628,1784,15.4,147,1015,1.2
5/31/2013 19:28,1628,1784,15.4,147,1015,1.3
5/31/2013 19:28,1628,1784,15.4,147,1015,1.3
5/31/2013 19:29,1628,1784,15.4,147,1015,1.4
5/31/2013 19:29,1629,1784,15.4,147,1015,1.5
5/31/2013 19:29,1629,1794,15.4,147,1015,1.6
5/31/2013 19:29,1629,1794,15.4,147,1015,1.5
5/31/2013 19:29,1629,1794,14.5,146,1015,1.6
5/31/2013 19:29,1629,1794,14.5,146,1015,1.6
5/31/2013 19:29,1629,1794,14.5,146,1015,1.6
5/31/2013 19:29,1629,1803,14.5,144,1015,1.7
5/31/2013 19:29,1629,1803,14.5,143,1015,1.7
5/31/2013 19:29,1629,1803,14.5,142,1015,1.7
5/31/2013 19:29,1629,1803,14.5,141,1015,1.7
5/31/2013 19:29,1629,1803,14.5,142,1015,1.7
5/31/2013 19:29,1629,1803,14.5,141,1015,1.7
5/31/2013 19:29,1629,1803,14.5,141,1015,1.7
5/31/2013 19:29,1629,1803,12.8,140,1015,1.7
5/31/2013 19:29,1629,1817,12.8,140,1015,1.7
5/31/2013 19:29,1629,1817,12.8,140,1015,1.7
5/31/2013 19:29,1629,1817,12.8,140,1015,1.7
5/31/2013 19:29,1629,1817,12.8,139,1015,1.7
5/31/2013 19:29,1629,1817,12.8,139,1015,1.7
5/31/2013 19:29,1629,1824,12.8,139,1015,1.7
5/31/2013 19:29,1628,1824,12.8,137,1015,1.7
5/31/2013 19:29,1628,1824,12.8,138,1015,1.7
5/31/2013 19:29,1628,1824,12.8,138,1015,1.7
5/31/2013 19:29,1628,1824,11.5,138,1015,1.7
5/31/2013 19:29,1628,1824,11.5,138,1015,1.7
5/31/2013 19:29,1628,1824,11.5,138,1015,1.7
5/31/2013 19:29,1628,1837,11.5,137,1015,1.7
5/31/2013 19:29,1628,1837,11.5,136,1015,1.7
5/31/2013 19:29,1628,1837,11.5,135,1015,1.7
5/31/2013 19:29,1628,1837,11.5,135,1015,1.7
5/31/2013 19:29,1629,1837,11.5,136,1015,1.7
5/31/2013 19:29,1629,1845,11.5,136,1015,1.7
5/31/2013 19:29,1629,1845,11.5,137,1015,1.7
5/31/2013 19:29,1629,1845,10.8,136,1015,1.7
5/31/2013 19:29,1629,1845,10.8,136,1015,1.6
5/31/2013 19:29,1629,1845,10.8,136,1015,1.6
5/31/2013 19:29,1629,1845,10.8,136,1015,1.6
5/31/2013 19:29,1629,1845,10.8,136,1015,1.6
5/31/2013 19:29,1629,1845,10.8,135,1015,1.6
5/31/2013 19:29,1629,1845,10.8,134,1015,1.6
5/31/2013 19:29,1628,1859,10.8,134,1015,1.6
5/31/2013 19:29,1628,1859,10.8,133,1015,1.7
5/31/2013 19:29,1628,1859,10.8,132,1015,1.7
5/31/2013 19:29,1628,1859,9.4,131,1015,1.7
5/31/2013 19:29,1628,1859,9.4,131,1015,1.6
5/31/2013 19:29,1628,1859,9.4,132,1015,1.6
5/31/2013 19:29,1628,1859,9.4,132,1015,1.6
5/31/2013 19:29,1628,1859,9.4,133,1015,1.6
5/31/2013 19:29,1628,1859,9.4,133,1015,1.6
5/31/2013 19:29,1628,1873,9.4,133,1015,1.6
5/31/2013 19:29,1628,1873,9.4,132,1015,1.6
5/31/2013 19:29,1628,1873,9.4,132,1015,1.6
5/31/2013 19:29,1628,1873,9.4,133,1015,1.6
5/31/2013 19:29,1628,1873,9.1,133,1015,1.6
5/31/2013 19:29,1628,1873,9.1,133,1015,1.6
5/31/2013 19:29,1628,1873,9.1,133,1015,1.6
5/31/2013 19:29,1628,1873,9.1,133,1015,1.6
5/31/2013 19:29,1628,1887,9.1,133,1015,1.6
5/31/2013 19:29,1628,1887,9.1,132,1015,1.6
5/31/2013 19:30,1628,1887,9.1,132,1015,1.6
5/31/2013 19:30,1628,1887,9.1,132,1015,1.6
5/31/2013 19:30,1628,1887,9.1,133,1015,1.6
5/31/2013 19:30,1628,1887,9.1,133,1015,1.6
5/31/2013 19:30,1628,1897,9,133,1015,1.7
5/31/2013 19:30,1628,1897,9,133,1015,1.7
5/31/2013 19:30,1628,1897,9,133,1015,1.9
5/31/2013 19:30,1628,1897,9,134,1015,1.9
5/31/2013 19:30,1628,1897,9,135,1015,2
5/31/2013 19:30,1628,1897,9,137,1015,2
5/31/2013 19:30,1628,1897,9,139,1015,2
5/31/2013 19:30,1628,1913,9,140,1015,2.1
5/31/2013 19:30,1628,1913,9,140,1015,2.2
5/31/2013 19:30,1628,1913,9,140,1015,2.2
5/31/2013 19:30,1628,1913,10.4,141,1015,2.2
5/31/2013 19:30,1628,1913,10.4,142,1015,2.1
5/31/2013 19:30,1628,1913,10.4,143,1015,2.1
5/31/2013 19:30,1628,1913,10.4,144,1015,2.1
5/31/2013 19:30,1628,1913,10.4,144,1015,2.1
5/31/2013 19:30,1628,1930,10.4,144,1015,2.1
5/31/2013 19:30,1628,1930,10.4,144,1015,2.1
5/31/2013 19:30,1628,1930,10.4,146,1015,2.1
5/31/2013 19:30,1628,1930,10.4,147,1015,2.1
5/31/2013 19:30,1628,1930,10.4,147,1015,2.2
5/31/2013 19:30,1628,1930,12.5,147,1015,2.2
5/31/2013 19:30,1628,1943,12.5,148,1015,2.2
5/31/2013 19:30,1628,1943,12.5,149,1015,2.2
5/31/2013 19:30,1628,1943,12.5,149,1015,2.2
5/31/2013 19:30,1628,1943,12.5,149,1015,2.2
5/31/2013 19:30,1628,1943,12.5,150,1015,2.2
5/31/2013 19:30,1628,1943,12.5,151,1015,2.2
5/31/2013 19:30,1628,1943,12.5,151,1015,2.2
5/31/2013 19:30,1628,1943,12.5,152,1015,2.2
5/31/2013 19:30,1628,1962,12.5,153,1015,2.2
5/31/2013 19:30,1628,1962,14.9,154,1015,2.2
5/31/2013 19:30,1628,1962,14.9,155,1015,2.2
5/31/2013 19:30,1628,1962,14.9,155,1015,2.2
5/31/2013 19:30,1628,1962,14.9,156,1015,2.2
5/31/2013 19:30,1628,1962,14.9,157,1015,2.2
5/31/2013 19:30,1628,1976,14.9,157,1015,2.2
5/31/2013 19:30,1628,1976,14.9,158,1015,2.2
5/31/2013 19:30,1628,1976,14.9,158,1015,2.2
5/31/2013 19:30,1628,1976,14.9,159,1015,2.2
5/31/2013 19:30,1628,1976,14.9,159,1015,2.2
5/31/2013 19:30,1628,1976,17.6,159,1015,2.2
5/31/2013 19:30,1628,1976,17.6,159,1015,2.2
5/31/2013 19:30,1628,1976,17.6,159,1015,2.2
5/31/2013 19:30,1628,1976,17.6,159,1015,2.2
5/31/2013 19:30,1628,1995,17.6,159,1015,2.2
5/31/2013 19:30,1628,1995,17.6,159,1015,2.2
5/31/2013 19:30,1628,1995,17.6,160,1015,2.2
5/31/2013 19:30,1628,1995,17.6,159,1015,2.2
5/31/2013 19:30,1628,1995,17.6,159,1015,2.2
5/31/2013 19:30,1628,1995,17.6,159,1015,2.2
5/31/2013 19:30,1628,1995,18.8,159,1015,2.2
5/31/2013 19:30,1628,1995,18.8,159,1015,2.2
5/31/2013 19:30,1628,1995,18.8,160,1015,2.2
5/31/2013 19:30,1628,2015,18.8,160,1015,2.2
5/31/2013 19:30,1628,2015,18.8,160,1015,2.2
5/31/2013 19:30,1628,2015,18.8,161,1015,2.2
5/31/2013 19:31,1628,2015,18.8,161,1015,2.2
5/31/2013 19:31,1628,2015,18.8,162,1015,2.2
5/31/2013 19:31,1628,2015,18.8,162,1015,2.2
5/31/2013 19:31,1628,2015,18.8,163,1015,2.2
5/31/2013 19:31,1628,2015,19.9,163,1015,2.2
5/31/2013 19:31,1628,2015,19.9,164,1015,2.2
5/31/2013 19:31,1628,2034,19.9,163,1015,2.2
5/31/2013 19:31,1628,2034,19.9,164,1015,2.2
5/31/2013 19:31,1628,2034,19.9,164,1015,2.2
5/31/2013 19:31,1628,2034,19.9,165,1015,2.2
5/31/2013 19:31,1628,2034,19.9,165,1015,2.2
5/31/2013 19:31,1628,2034,19.9,166,1015,2.2
5/31/2013 19:31,1628,2034,19.9,166,1015,2.2
5/31/2013 19:31,1628,2034,19.9,167,1015,2.2
5/31/2013 19:31,1628,2034,20.4,167,1015,2.2
5/31/2013 19:31,1628,2054,20.4,167,1015,2.2
5/31/2013 19:31,1628,2054,20.4,168,1015,2.2
5/31/2013 19:31,1628,2054,20.4,167,1015,2.2
5/31/2013 19:31,1628,2054,20.4,167,1015,2.2
5/31/2013 19:31,1628,2054,20.4,167,1015,2.2
5/31/2013 19:31,1628,2054,20.4,167,1015,2.2
5/31/2013 19:31,1628,2054,20.4,167,1015,2.2
5/31/2013 19:31,1628,2054,20.4,167,1015,2.2
5/31/2013 19:31,1628,2072,20.4,168,1015,2.2
5/31/2013 19:31,1628,2072,20.6,168,1015,2.2
5/31/2013 19:31,1628,2072,20.6,168,1015,2.2
5/31/2013 19:31,1628,2072,20.6,168,1015,2.2
5/31/2013 19:31,1628,2072,20.6,167,1015,2.2
5/31/2013 19:31,1628,2072,20.6,167,1015,2.2
5/31/2013 19:31,1628,2072,20.6,167,1015,2.2
5/31/2013 19:31,1628,2072,20.6,167,1015,2.2
5/31/2013 19:31,1627,2090,20.6,167,1015,2.2
5/31/2013 19:31,1627,2090,20.6,167,1015,2.2
5/31/2013 19:31,1627,2090,20.6,167,1015,2.2
5/31/2013 19:31,1627,2090,20.7,167,1015,2.2
5/31/2013 19:31,1627,2090,20.7,167,1015,2.2
5/31/2013 19:31,1627,2090,20.7,167,1015,2.2
5/31/2013 19:31,1627,2090,20.7,167,1015,2.2
5/31/2013 19:31,1627,2090,20.7,168,1015,2.2
5/31/2013 19:31,1627,2090,20.7,167,1015,2.2
5/31/2013 19:31,1627,2110,20.7,168,1015,2.2
5/31/2013 19:31,1627,2110,20.7,168,1015,2.2
5/31/2013 19:31,1627,2110,20.7,168,1015,2.2
5/31/2013 19:31,1627,2110,20.7,167,1015,2.2
5/31/2013 19:31,1627,2110,20.7,168,1015,2.2
5/31/2013 19:31,1627,2110,20.7,167,1015,2.2
5/31/2013 19:31,1627,2110,20.7,167,1015,2.2
5/31/2013 19:31,1627,2123,20.7,168,1015,2.2
5/31/2013 19:31,1627,2123,20.7,167,1015,2.2
5/31/2013 19:31,1627,2123,20.7,168,1015,2.2
5/31/2013 19:31,1627,2123,20.7,168,1015,2.2
5/31/2013 19:31,1628,2134,20.7,168,1015,2.2
5/31/2013 19:31,1628,2134,20.7,168,1015,2.2
5/31/2013 19:31,1628,2134,20.7,168,1015,2.2
5/31/2013 19:31,1628,2134,20.8,168,1015,2.2
5/31/2013 19:31,1628,2134,20.8,168,1015,2.2
5/31/2013 19:31,1628,2146,20.8,168,1015,2.2
5/31/2013 19:31,1628,2146,20.8,168,1015,2.2
5/31/2013 19:31,1628,2146,20.8,168,1015,2.2
5/31/2013 19:31,1628,2146,20.8,168,1015,2.2
5/31/2013 19:32,1628,2146,20.8,168,1016,2.2
5/31/2013 19:32,1626,2157,20.8,167,1016,2.2
5/31/2013 19:32,1626,2157,20.8,167,1016,2.2
5/31/2013 19:32,1626,2157,20.8,167,1016,2.2
5/31/2013 19:32,1626,2157,20.8,167,1016,2.2
5/31/2013 19:32,1626,2157,20.8,167,1016,2.2
5/31/2013 19:32,1626,2169,20.8,167,1016,2.2
5/31/2013 19:32,1626,2169,20.8,166,1016,2.2
5/31/2013 19:32,1626,2169,20.8,166,1016,2.2
5/31/2013 19:32,1626,2169,20.8,165,1016,2.2
5/31/2013 19:32,1626,2169,20.8,166,1016,2.2
5/31/2013 19:32,1626,2180,20.8,166,1016,2.2
5/31/2013 19:32,1626,2180,20.8,166,1016,2.2
5/31/2013 19:32,1626,2180,20.8,166,1016,2.2
5/31/2013 19:32,1626,2180,20.8,166,1016,2.2
5/31/2013 19:32,1626,2180,20.8,166,1016,2.2
5/31/2013 19:32,1626,2191,20.8,165,1016,2.2
5/31/2013 19:32,1626,2191,20.8,166,1016,2.2
5/31/2013 19:32,1626,2191,20.8,167,1016,2.2
5/31/2013 19:32,1626,2191,20.8,167,1016,2.2
5/31/2013 19:32,1626,2191,20.8,168,1016,2.2
5/31/2013 19:32,1626,2191,20.8,167,1016,2.2
5/31/2013 19:32,1626,2191,20.8,168,1016,2.2
5/31/2013 19:32,1626,2191,20.8,168,1016,2.2
5/31/2013 19:32,1626,2204,20.8,168,1016,2.2
5/31/2013 19:32,1626,2204,20.8,168,1016,2.2
5/31/2013 19:32,1626,2204,20.8,168,1016,2.2
5/31/2013 19:32,1626,2204,20.8,168,1016,2.2
5/31/2013 19:32,1626,2204,20.8,168,1016,2.2
5/31/2013 19:32,1626,2204,20.8,168,1016,2.2
5/31/2013 19:32,1626,2216,20.8,168,1016,2.2
5/31/2013 19:32,1627,2216,20.8,169,1016,2.2
5/31/2013 19:32,1627,2216,20.8,169,1016,2.2
5/31/2013 19:32,1627,2216,20.8,169,1016,2.2
5/31/2013 19:32,1627,2216,20.8,169,1016,2.2
5/31/2013 19:32,1627,2216,20.8,169,1016,2.2
5/31/2013 19:32,1627,2229,20.8,169,1016,2.2
5/31/2013 19:32,1627,2229,20.8,169,1016,2.2
5/31/2013 19:32,1627,2229,20.8,170,1016,2.2
5/31/2013 19:32,1627,2229,20.8,169,1016,2.2
5/31/2013 19:32,1627,2229,20.8,170,1016,2.2
5/31/2013 19:32,1627,2240,20.8,170,1016,2.2
5/31/2013 19:32,1627,2240,20.8,171,1016,2.2
5/31/2013 19:32,1627,2240,20.8,170,1016,2.2
5/31/2013 19:32,1627,2240,20.8,170,1016,2.2
5/31/2013 19:32,1627,2240,20.8,170,1016,2.2
5/31/2013 19:32,1627,2251,20.8,170,1016,2.2
5/31/2013 19:32,1627,2251,20.8,170,1016,2.2
5/31/2013 19:32,1627,2251,20.8,170,1016,2.2
5/31/2013 19:32,1627,2251,20.8,170,1016,2.2
5/31/2013 19:32,1627,2251,20.8,171,1016,2.2
5/31/2013 19:32,1627,2262,20.8,170,1016,2.2
5/31/2013 19:32,1627,2262,20.8,171,1016,2.2
5/31/2013 19:32,1627,2262,20.8,171,1016,2.2
5/31/2013 19:32,1627,2262,20.8,172,1016,2.2
5/31/2013 19:32,1627,2262,20.8,172,1016,2.2
5/31/2013 19:32,1627,2262,20.8,172,1016,2.2
5/31/2013 19:32,1627,2273,20.8,172,1016,2.2
5/31/2013 19:32,1627,2273,20.8,172,1016,2.2
5/31/2013 19:32,1627,2273,20.8,172,1016,2.2
5/31/2013 19:33,1627,2273,20.8,172,1015,2.2
5/31/2013 19:33,1628,2273,20.8,172,1015,2.2
5/31/2013 19:33,1628,2284,20.8,172,1015,2.2
5/31/2013 19:33,1628,2284,20.8,172,1015,2.2
5/31/2013 19:33,1628,2284,20.8,173,1015,2.2
5/31/2013 19:33,1628,2284,20.8,172,1015,2.2
5/31/2013 19:33,1628,2284,20.8,172,1015,2.2
5/31/2013 19:33,1628,2295,20.8,172,1015,2.2
5/31/2013 19:33,1628,2295,20.8,172,1015,2.2
5/31/2013 19:33,1628,2295,20.8,173,1015,2.2
5/31/2013 19:33,1628,2295,20.8,173,1015,2.2
5/31/2013 19:33,1628,2295,20.8,172,1015,2.2
5/31/2013 19:33,1628,2306,20.8,173,1015,2.2
5/31/2013 19:33,1628,2306,20.8,173,1015,2.2
5/31/2013 19:33,1628,2306,20.8,173,1015,2.2
5/31/2013 19:33,1628,2306,20.8,173,1015,2.2
5/31/2013 19:33,1628,2306,20.8,172,1015,2.2
5/31/2013 19:33,1628,2317,20.8,172,1015,2.2
5/31/2013 19:33,1628,2317,20.8,172,1015,2.2
5/31/2013 19:33,1628,2317,20.8,172,1015,2.2
5/31/2013 19:33,1628,2317,20.8,172,1015,2.2
5/31/2013 19:33,1629,2317,20.8,172,1015,2.2
5/31/2013 19:33,1629,2317,20.8,171,1015,2.1
5/31/2013 19:33,1629,2328,20.8,171,1015,2.1
5/31/2013 19:33,1629,2328,20.8,170,1015,2
5/31/2013 19:33,1629,2328,20.8,170,1015,1.9
5/31/2013 19:33,1629,2328,20.8,169,1015,1.8
5/31/2013 19:33,1629,2328,20.8,168,1015,1.8
5/31/2013 19:33,1629,2328,20.8,168,1015,1.8
5/31/2013 19:33,1629,2328,20.8,167,1015,1.7
5/31/2013 19:33,1629,2328,20.8,167,1015,1.7
5/31/2013 19:33,1629,2339,20.8,166,1015,1.6
5/31/2013 19:33,1629,2339,20.8,166,1015,1.6
5/31/2013 19:33,1629,2339,20.8,166,1015,1.5
5/31/2013 19:33,1629,2339,20.8,166,1015,1.5
5/31/2013 19:33,1629,2339,20.8,165,1015,1.5
5/31/2013 19:33,1629,2339,20.8,164,1015,1.5
5/31/2013 19:33,1629,2339,20.8,164,1015,1.5
5/31/2013 19:33,1629,2349,20.8,163,1015,1.5
5/31/2013 19:33,1629,2349,20.8,163,1015,1.5
5/31/2013 19:33,1629,2349,20.8,162,1015,1.6
5/31/2013 19:33,1630,2349,20.8,162,1015,1.6
5/31/2013 19:33,1630,2349,20.8,162,1015,1.6
5/31/2013 19:33,1630,2357,20.8,162,1015,1.6
5/31/2013 19:33,1630,2357,20.6,162,1015,1.6
5/31/2013 19:33,1630,2357,20.6,161,1015,1.6
5/31/2013 19:33,1630,2357,20.6,161,1015,1.6
5/31/2013 19:33,1630,2357,20.6,161,1015,1.6
5/31/2013 19:33,1630,2357,20.6,160,1015,1.6
5/31/2013 19:33,1630,2357,20.6,160,1015,1.5
5/31/2013 19:33,1630,2357,20.6,159,1015,1.5
5/31/2013 19:33,1631,2369,20.6,159,1015,1.5
5/31/2013 19:33,1631,2369,20.6,159,1015,1.5
5/31/2013 19:33,1631,2369,20.6,158,1015,1.5
5/31/2013 19:33,1631,2369,19.7,158,1015,1.5
5/31/2013 19:33,1631,2369,19.7,158,1015,1.5
5/31/2013 19:33,1631,2369,19.7,158,1015,1.5
5/31/2013 19:33,1631,2369,19.7,158,1015,1.5
5/31/2013 19:33,1631,2380,19.7,157,1015,1.5
5/31/2013 19:33,1631,2380,19.7,157,1015,1.5
5/31/2013 19:34,1631,2380,19.7,156,1016,1.5
5/31/2013 19:34,1629,2380,19.7,155,1016,1.5
5/31/2013 19:34,1629,2380,19.7,155,1016,1.5
5/31/2013 19:34,1629,2380,19.7,155,1016,1.5
5/31/2013 19:34,1629,2380,18.1,154,1016,1.5
5/31/2013 19:34,1629,2380,18.1,154,1016,1.5
5/31/2013 19:34,1629,2392,18.1,154,1016,1.5
5/31/2013 19:34,1629,2392,18.1,154,1016,1.5
5/31/2013 19:34,1629,2392,18.1,154,1016,1.5
5/31/2013 19:34,1629,2392,18.1,154,1016,1.5
5/31/2013 19:34,1629,2392,18.1,153,1016,1.5
5/31/2013 19:34,1629,2400,18.1,152,1016,1.5
5/31/2013 19:34,1629,2400,18.1,153,1016,1.6
5/31/2013 19:34,1629,2400,18.1,152,1016,1.6
5/31/2013 19:34,1629,2400,16.5,152,1016,1.6
5/31/2013 19:34,1629,2400,16.5,152,1016,1.6
5/31/2013 19:34,1629,2400,16.5,152,1016,1.6
5/31/2013 19:34,1629,2410,16.5,152,1016,1.6
5/31/2013 19:34,1629,2410,16.5,151,1016,1.6
5/31/2013 19:34,1629,2410,16.5,150,1016,1.6
5/31/2013 19:34,1629,2410,16.5,149,1016,1.6
5/31/2013 19:34,1630,2410,16.5,149,1016,1.6
5/31/2013 19:34,1630,2410,16.5,149,1016,1.6
5/31/2013 19:34,1630,2420,16.5,149,1016,1.6
5/31/2013 19:34,1630,2420,15.3,149,1016,1.6
5/31/2013 19:34,1630,2420,15.3,148,1016,1.6
5/31/2013 19:34,1630,2420,15.3,148,1016,1.6
5/31/2013 19:34,1630,2420,15.3,147,1016,1.6
5/31/2013 19:34,1630,2420,15.3,147,1016,1.6
5/31/2013 19:34,1630,2430,15.3,147,1016,1.6
5/31/2013 19:34,1630,2430,15.3,147,1016,1.6
5/31/2013 19:34,1630,2430,15.3,147,1016,1.6
5/31/2013 19:34,1630,2430,15.3,146,1016,1.6
5/31/2013 19:34,1630,2430,15.3,146,1016,1.6
5/31/2013 19:34,1630,2430,14,146,1016,1.6
5/31/2013 19:34,1630,2430,14,145,1016,1.6
5/31/2013 19:34,1630,2441,14,145,1016,1.6
5/31/2013 19:34,1630,2441,14,145,1016,1.6
5/31/2013 19:34,1630,2441,14,145,1016,1.6
5/31/2013 19:34,1630,2441,14,144,1016,1.6
5/31/2013 19:34,1630,2441,14,144,1016,1.6
5/31/2013 19:34,1629,2441,14,143,1016,1.6
5/31/2013 19:34,1629,2451,14,143,1016,1.6
5/31/2013 19:34,1629,2451,14,142,1016,1.6
5/31/2013 19:34,1629,2451,12.5,142,1016,1.6
5/31/2013 19:34,1629,2451,12.5,142,1016,1.6
5/31/2013 19:34,1629,2451,12.5,140,1016,1.6
5/31/2013 19:34,1629,2451,12.5,140,1016,1.6
5/31/2013 19:34,1629,2460,12.5,140,1016,1.6
5/31/2013 19:34,1629,2460,12.5,140,1016,1.6
5/31/2013 19:34,1629,2460,12.5,141,1016,1.6
5/31/2013 19:34,1629,2460,12.5,140,1016,1.6
5/31/2013 19:34,1629,2460,12.5,140,1016,1.6
5/31/2013 19:34,1629,2460,12.5,139,1016,1.6
5/31/2013 19:34,1629,2469,11.4,139,1016,1.6
5/31/2013 19:34,1629,2469,11.4,139,1016,1.6
5/31/2013 19:34,1629,2469,11.4,139,1016,1.6
5/31/2013 19:34,1629,2469,11.4,138,1016,1.6
5/31/2013 19:34,1629,2476,11.4,137,1016,1.6
5/31/2013 19:34,1629,2476,11.4,137,1016,1.6
5/31/2013 19:35,1629,2476,11.4,137,1015,1.6
5/31/2013 19:35,1630,2476,11.4,136,1015,1.6
5/31/2013 19:35,1630,2476,11.4,137,1015,1.6
5/31/2013 19:35,1630,2484,11.4,137,1015,1.6
5/31/2013 19:35,1630,2484,10.4,137,1015,1.6
5/31/2013 19:35,1630,2484,10.4,137,1015,1.6
5/31/2013 19:35,1630,2484,10.4,137,1015,1.6
5/31/2013 19:35,1630,2491,10.4,136,1015,1.6
5/31/2013 19:35,1630,2491,10.4,136,1015,1.6
5/31/2013 19:35,1630,2491,10.4,135,1015,1.6
5/31/2013 19:35,1630,2491,10.4,134,1015,1.6
5/31/2013 19:35,1630,2491,10.4,134,1015,1.6
5/31/2013 19:35,1630,2499,10.4,134,1015,1.6
5/31/2013 19:35,1630,2499,10.4,134,1015,1.6
5/31/2013 19:35,1630,2499,9.3,134,1015,1.6
5/31/2013 19:35,1630,2499,9.3,133,1015,1.6
5/31/2013 19:35,1630,2499,9.3,133,1015,1.6
5/31/2013 19:35,1630,2508,9.3,132,1015,1.6
5/31/2013 19:35,1630,2508,9.3,132,1015,1.6
5/31/2013 19:35,1630,2508,9.3,133,1015,1.6
5/31/2013 19:35,1630,2508,9.3,134,1015,1.6
5/31/2013 19:35,1629,2508,9.3,135,1015,1.6
5/31/2013 19:35,1629,2508,9.3,135,1015,1.6
5/31/2013 19:35,1629,2517,9.3,136,1015,1.6
5/31/2013 19:35,1629,2517,9.4,135,1015,1.6
5/31/2013 19:35,1629,2517,9.4,133,1015,1.6
5/31/2013 19:35,1629,2517,9.4,131,1015,1.6
5/31/2013 19:35,1629,2517,9.4,131,1015,1.6
5/31/2013 19:35,1629,2517,9.4,131,1015,1.6
5/31/2013 19:35,1629,2527,9.4,131,1015,1.6
5/31/2013 19:35,1629,2527,9.4,131,1015,1.6
5/31/2013 19:35,1629,2527,9.4,131,1015,1.6
5/31/2013 19:35,1629,2527,9.4,132,1015,1.6
5/31/2013 19:35,1629,2527,9.4,133,1015,1.6
5/31/2013 19:35,1629,2535,8.6,134,1015,1.6
5/31/2013 19:35,1629,2535,8.6,135,1015,1.6
5/31/2013 19:35,1629,2535,8.6,135,1015,1.6
5/31/2013 19:35,1629,2535,8.6,135,1015,1.6
5/31/2013 19:35,1629,2535,8.6,135,1015,1.6
5/31/2013 19:35,1629,2535,8.6,134,1015,1.6
5/31/2013 19:35,1629,2544,8.6,134,1015,1.6
5/31/2013 19:35,1629,2544,8.6,134,1015,1.6
5/31/2013 19:35,1629,2544,8.6,133,1015,1.6
5/31/2013 19:35,1629,2544,8.6,133,1015,1.6
5/31/2013 19:35,1629,2544,8.4,133,1015,1.6
5/31/2013 19:35,1629,2544,8.4,133,1015,1.6
5/31/2013 19:35,1629,2554,8.4,133,1015,1.6
5/31/2013 19:35,1629,2554,8.4,133,1015,1.6
5/31/2013 19:35,1629,2554,8.4,133,1015,1.6
5/31/2013 19:35,1629,2554,8.4,131,1015,1.6
5/31/2013 19:35,1629,2554,8.4,131,1015,1.6
5/31/2013 19:35,1629,2554,8.4,130,1015,1.6
5/31/2013 19:35,1629,2564,8.4,130,1015,1.6
5/31/2013 19:35,1629,2564,8.4,130,1015,1.6
5/31/2013 19:35,1629,2564,7.4,129,1015,1.6
5/31/2013 19:35,1629,2564,7.4,129,1015,1.6
5/31/2013 19:35,1629,2564,7.4,130,1015,1.6
5/31/2013 19:35,1629,2564,7.4,130,1015,1.6
5/31/2013 19:35,1629,2574,7.4,129,1015,1.6
5/31/2013 19:35,1629,2574,7.4,129,1015,1.6
5/31/2013 19:36,1629,2574,7.4,128,1015,1.6
5/31/2013 19:36,1629,2574,7.4,128,1015,1.6
5/31/2013 19:36,1629,2581,7.4,127,1015,1.6
5/31/2013 19:36,1629,2581,7.4,128,1015,1.6
5/31/2013 19:36,1629,2581,6.7,128,1015,1.6
5/31/2013 19:36,1629,2581,6.7,128,1015,1.6
5/31/2013 19:36,1629,2581,6.7,129,1015,1.6
5/31/2013 19:36,1629,2589,6.7,128,1015,1.6
5/31/2013 19:36,1629,2589,6.7,127,1015,1.6
5/31/2013 19:36,1629,2589,6.7,128,1015,1.6
5/31/2013 19:36,1629,2589,6.7,128,1015,1.6
5/31/2013 19:36,1629,2589,6.7,128,1015,1.6
5/31/2013 19:36,1629,2597,6.7,128,1015,1.6
5/31/2013 19:36,1629,2597,6.7,128,1015,1.6
5/31/2013 19:36,1629,2597,6.5,127,1015,1.6
5/31/2013 19:36,1629,2597,6.5,127,1015,1.6
5/31/2013 19:36,1629,2604,6.5,127,1015,1.6
5/31/2013 19:36,1629,2604,6.5,127,1015,1.6
5/31/2013 19:36,1629,2604,6.5,126,1015,1.6
5/31/2013 19:36,1629,2604,6.5,126,1015,1.6
5/31/2013 19:36,1629,2604,6.5,126,1015,1.6
5/31/2013 19:36,1629,2604,6.5,125,1015,1.6
5/31/2013 19:36,1629,2604,6.5,124,1015,1.6
5/31/2013 19:36,1629,2615,6.5,124,1015,1.6
5/31/2013 19:36,1629,2615,5.3,124,1015,1.6
5/31/2013 19:36,1629,2615,5.3,124,1015,1.6
5/31/2013 19:36,1629,2615,5.3,124,1015,1.6
5/31/2013 19:36,1629,2615,5.3,124,1015,1.6
5/31/2013 19:36,1629,2615,5.3,124,1015,1.6
5/31/2013 19:36,1629,2615,5.3,123,1015,1.6
5/31/2013 19:36,1629,2626,5.3,124,1015,1.6
5/31/2013 19:36,1630,2626,5.3,124,1015,1.6
5/31/2013 19:36,1630,2626,5.3,124,1015,1.6
5/31/2013 19:36,1630,2626,5.3,124,1015,1.6
5/31/2013 19:36,1630,2626,4.9,124,1015,1.6
5/31/2013 19:36,1630,2634,0,0,1015,1.6
5/31/2013 19:36,1630,2634,0,0,1015,1.6
5/31/2013 19:36,1630,2634,0,0,1015,1.6
5/31/2013 19:36,1630,2634,0,0,1015,1.6
5/31/2013 19:36,1630,2634,0,0,1015,1.6
5/31/2013 19:36,1630,2642,0,0,1015,1.6
5/31/2013 19:36,1630,2642,0,0,1015,1.6
5/31/2013 19:36,1630,2642,0,0,1015,1.6
5/31/2013 19:36,1630,2642,0,0,1015,1.6
5/31/2013 19:36,1630,2642,0,0,1015,1.6
5/31/2013 19:36,1630,2650,0,0,1015,1.6
5/31/2013 19:36,1630,2650,0,0,1015,1.6
5/31/2013 19:36,1630,2650,0,0,1015,1.6
5/31/2013 19:36,1630,2650,0,0,1015,1.6
5/31/2013 19:36,1630,2650,0,0,1015,1.6
5/31/2013 19:36,1630,2658,0,0,1015,1.6
5/31/2013 19:36,1629,2658,0,0,1015,1.6
5/31/2013 19:36,1629,2658,0,0,1015,1.6
5/31/2013 19:36,1629,2658,0,0,1015,1.6
5/31/2013 19:36,1629,2664,0,0,1015,1.6
5/31/2013 19:36,1629,2664,0,0,1015,1.6
5/31/2013 19:36,1629,2664,0,0,1015,1.6
5/31/2013 19:36,1629,2664,0,0,1015,1.6
5/31/2013 19:36,1629,2671,0,0,1015,1.6
5/31/2013 19:36,1629,2671,0,0,1015,1.6
5/31/2013 19:37,1629,2671,0,0,1015,1.6
5/31/2013 19:37,1629,2671,0,0,1015,1.6
5/31/2013 19:37,1629,2671,0,0,1015,1.6
5/31/2013 19:37,1629,2671,0,0,1015,1.6
5/31/2013 19:37,1629,2681,0,0,1015,1.6
5/31/2013 19:37,1629,2681,0,0,1015,1.6
5/31/2013 19:37,1629,2681,0,0,1015,1.6
5/31/2013 19:37,1629,2681,0,0,1015,1.6
5/31/2013 19:37,1629,2681,0,0,1015,1.6
5/31/2013 19:37,1629,2689,0,0,1015,1.6
5/31/2013 19:37,1629,2689,0,0,1015,1.6
5/31/2013 19:37,1629,2689,0,0,1015,1.6
5/31/2013 19:37,1629,2689,0,0,1015,1.6
5/31/2013 19:37,1629,2689,0,0,1015,1.6
5/31/2013 19:37,1629,2689,0,0,1015,1.6
5/31/2013 19:37,1629,2689,0,0,1015,1.6
5/31/2013 19:37,1629,2698,0,0,1015,1.6
5/31/2013 19:37,1629,2698,0,0,1015,1.6
5/31/2013 19:37,1629,2698,0,0,1015,1.6
5/31/2013 19:37,1629,2698,0,0,1015,1.6
5/31/2013 19:37,1629,2698,0,0,1015,1.6
5/31/2013 19:37,1629,2698,0,0,1015,1.6
5/31/2013 19:37,1629,2708,0,0,1015,1.6
5/31/2013 19:37,1629,2708,0,0,1015,1.6
5/31/2013 19:37,1629,2708,0,0,1015,1.6
5/31/2013 19:37,1629,2708,0,0,1015,1.6
5/31/2013 19:37,1629,2708,0,0,1015,1.6
5/31/2013 19:37,1629,2717,0,0,1015,1.6
5/31/2013 19:37,1629,2717,0,0,1015,1.6
5/31/2013 19:37,1629,2717,0,0,1015,1.6
5/31/2013 19:37,1629,2717,0,0,1015,1.6
5/31/2013 19:37,1629,2717,0,0,1015,1.6
5/31/2013 19:37,1629,2726,0,0,1015,1.6
5/31/2013 19:37,1629,2726,0,0,1015,1.6
5/31/2013 19:37,1629,2726,0,0,1015,1.6
5/31/2013 19:37,1629,2726,0,0,1015,1.6
5/31/2013 19:37,1629,2726,0,0,1015,1.6
5/31/2013 19:37,1629,2726,0,0,1015,1.6
5/31/2013 19:37,1629,2726,0,0,1015,1.6
5/31/2013 19:37,1629,2737,0,0,1015,1.6
5/31/2013 19:37,1629,2737,0,0,1015,1.6
5/31/2013 19:37,1629,2737,0,0,1015,1.6
5/31/2013 19:37,1629,2737,0,0,1015,1.6
5/31/2013 19:37,1629,2737,0,0,1015,1.6
5/31/2013 19:37,1629,2746,0,0,1015,1.6
5/31/2013 19:37,1629,2746,0,0,1015,1.7
5/31/2013 19:37,1629,2746,0,0,1015,1.7
5/31/2013 19:37,1629,2746,0,0,1015,1.7
5/31/2013 19:37,1629,2746,0,0,1015,1.7
5/31/2013 19:37,1629,2746,0,0,1015,1.7
5/31/2013 19:37,1629,2756,0,0,1015,1.7
5/31/2013 19:37,1629,2756,0,0,1015,1.7
5/31/2013 19:37,1629,2756,0,0,1015,1.7
5/31/2013 19:37,1629,2756,0,0,1015,1.7
5/31/2013 19:37,1629,2756,0,0,1015,1.7
5/31/2013 19:37,1629,2756,0,0,1015,1.7
5/31/2013 19:37,1629,2756,0,0,1015,1.7
5/31/2013 19:37,1629,2767,0,0,1015,1.7
5/31/2013 19:37,1629,2767,0,0,1015,1.7
5/31/2013 19:37,1629,2767,0,0,1015,1.7
5/31/2013 19:38,1629,2767,0,0,1015,1.7
5/31/2013 19:38,1630,2767,0,0,1015,1.6
5/31/2013 19:38,1630,2767,0,0,1015,1.6
5/31/2013 19:38,1630,2767,0,0,1015,1.5
5/31/2013 19:38,1630,2767,0,0,1015,1.5
5/31/2013 19:38,1630,2776,0,0,1015,1.6
5/31/2013 19:38,1630,2776,0,0,1015,1.7
5/31/2013 19:38,1630,2776,0,0,1015,1.8
5/31/2013 19:38,1630,2776,0,0,1015,1.9
5/31/2013 19:38,1630,2776,0,0,1015,2
5/31/2013 19:38,1630,2789,0,0,1015,2
5/31/2013 19:38,1630,2789,0,0,1015,2.1
5/31/2013 19:38,1630,2789,0,0,1015,2.1
5/31/2013 19:38,1630,2789,0,0,1015,2.2
5/31/2013 19:38,1630,2799,0,0,1015,2.2
5/31/2013 19:38,1630,2799,0,0,1015,2.2
5/31/2013 19:38,1630,2799,0,0,1015,2.2
5/31/2013 19:38,1630,2799,0,0,1015,2.2
5/31/2013 19:38,1630,2809,0,0,1015,2.3
5/31/2013 19:38,1630,2809,0,0,1015,2.3
5/31/2013 19:38,1630,2809,0,0,1015,2.3
5/31/2013 19:38,1630,2809,0,0,1015,2.3
5/31/2013 19:38,1630,2818,0,0,1015,2.3
5/31/2013 19:38,1630,2818,0,0,1015,2.3
5/31/2013 19:38,1630,2818,0,0,1015,2.3
5/31/2013 19:38,1630,2818,0,0,1015,2.3
5/31/2013 19:38,1630,2827,0,0,1015,2.3
5/31/2013 19:38,1630,2827,0,0,1015,2.3
5/31/2013 19:38,1630,2827,0,0,1015,2.3
5/31/2013 19:38,1630,2827,0,0,1015,2.3
5/31/2013 19:38,1630,2827,0,0,1015,2.3
5/31/2013 19:38,1630,2838,0,0,1015,2.3
5/31/2013 19:38,1630,2838,0,0,1015,2.3
5/31/2013 19:38,1630,2838,0,0,1015,2.2
5/31/2013 19:38,1630,2838,0,0,1015,2.2
5/31/2013 19:38,1630,2838,0,0,1015,2.2
5/31/2013 19:38,1630,2848,0,0,1015,2.2
5/31/2013 19:38,1630,2848,0,0,1015,2.2
5/31/2013 19:38,1630,2848,0,0,1015,2.2
5/31/2013 19:38,1630,2848,0,0,1015,2.2
5/31/2013 19:38,1630,2848,0,0,1015,2.2
5/31/2013 19:38,1629,2859,0,0,1015,2.2
5/31/2013 19:38,1629,2859,0,0,1015,2.2
5/31/2013 19:38,1629,2859,0,0,1015,2.2
5/31/2013 19:38,1629,2859,0,0,1015,2.2
5/31/2013 19:38,1629,2859,0,0,1015,2.2
5/31/2013 19:38,1629,2869,0,0,1015,2.2
5/31/2013 19:38,1629,2869,0,0,1015,2.2
5/31/2013 19:38,1629,2869,0,0,1015,2.2
5/31/2013 19:38,1629,2869,0,0,1015,2.2
5/31/2013 19:38,1629,2878,0,0,1015,2.2
5/31/2013 19:38,1629,2878,0,0,1015,2.2
5/31/2013 19:38,1629,2878,0,0,1015,2.2
5/31/2013 19:38,1629,2878,0,0,1015,2.2
5/31/2013 19:38,1629,2878,4.9,124,1015,2.2
5/31/2013 19:38,1629,2889,4.9,124,1015,2.2
5/31/2013 19:38,1629,2889,4.9,127,1015,2.2
5/31/2013 19:38,1629,2889,4.9,138,1015,2.2
5/31/2013 19:38,1629,2889,4.9,147,1015,2.2
5/31/2013 19:38,1629,2898,4.9,150,1015,2.2
5/31/2013 19:39,1629,2898,4.9,152,1015,2.2
5/31/2013 19:39,1630,2898,4.9,154,1015,2.2
5/31/2013 19:39,1630,2898,4.9,154,1015,2.2
5/31/2013 19:39,1630,2898,4.9,155,1015,2.2
5/31/2013 19:39,1630,2908,12.1,156,1015,2.2
5/31/2013 19:39,1630,2908,12.1,156,1015,2.2
5/31/2013 19:39,1630,2908,12.1,156,1015,2.2
5/31/2013 19:39,1630,2908,12.1,157,1015,2.2
5/31/2013 19:39,1630,2917,12.1,158,1015,2.2
5/31/2013 19:39,1630,2917,12.1,157,1015,2.2
5/31/2013 19:39,1630,2917,12.1,156,1015,2.2
5/31/2013 19:39,1630,2917,12.1,158,1015,2.2
5/31/2013 19:39,1630,2927,12.1,157,1015,2.2
5/31/2013 19:39,1630,2927,12.1,158,1015,2.2
5/31/2013 19:39,1630,2927,16.3,158,1015,2.2
5/31/2013 19:39,1630,2927,16.3,159,1015,2.2
5/31/2013 19:39,1630,2927,16.3,159,1015,2.2
5/31/2013 19:39,1630,2938,16.3,159,1015,2.2
5/31/2013 19:39,1630,2938,16.3,160,1015,2.2
5/31/2013 19:39,1630,2938,16.3,159,1015,2.2
5/31/2013 19:39,1630,2938,16.3,160,1015,2.2
5/31/2013 19:39,1629,2938,16.3,160,1015,2.2
5/31/2013 19:39,1629,2949,16.3,160,1015,2.2
5/31/2013 19:39,1629,2949,16.3,161,1015,2.2
5/31/2013 19:39,1629,2949,18.6,160,1015,2.2
5/31/2013 19:39,1629,2949,18.6,161,1015,2.2
5/31/2013 19:39,1629,2949,18.6,161,1015,2.2
5/31/2013 19:39,1629,2960,18.6,161,1015,2.2
5/31/2013 19:39,1629,2960,18.6,161,1015,2.2
5/31/2013 19:39,1629,2960,18.6,162,1015,2.2
5/31/2013 19:39,1629,2960,18.6,161,1015,2.2
5/31/2013 19:39,1629,2969,18.6,161,1015,2.2
5/31/2013 19:39,1629,2969,18.6,162,1015,2.2
5/31/2013 19:39,1629,2969,18.6,162,1015,2.2
5/31/2013 19:39,1629,2969,19.7,162,1015,2.2
5/31/2013 19:39,1629,2969,19.7,162,1015,2.2
5/31/2013 19:39,1629,2980,19.7,162,1015,2.2
5/31/2013 19:39,1629,2980,19.7,163,1015,2.2
5/31/2013 19:39,1629,2980,19.7,162,1015,2.2
5/31/2013 19:39,1629,2980,19.7,163,1015,2.2
5/31/2013 19:39,1629,2980,19.7,163,1015,2.2
5/31/2013 19:39,1630,2991,19.7,163,1015,2.2
5/31/2013 19:39,1630,2991,19.7,163,1015,2.2
5/31/2013 19:39,1630,2991,19.7,163,1015,2.2
5/31/2013 19:39,1630,2991,20.3,164,1015,2.2
5/31/2013 19:39,1630,2991,20.3,164,1015,2.2
5/31/2013 19:39,1630,2991,20.3,164,1015,2.2
5/31/2013 19:39,1630,3002,20.3,164,1015,2
5/31/2013 19:39,1630,3002,20.3,164,1015,0.5
5/31/2013 19:39,1630,3002,20.3,163,1015,0
5/31/2013 19:39,1630,3002,20.3,163,1015,0
5/31/2013 19:39,1631,3002,20.3,162,1015,0
5/31/2013 19:39,1631,3002,20.3,161,1015,0
5/31/2013 19:39,1631,3002,20.3,160,1015,0
5/31/2013 19:39,1631,3002,19.9,159,1015,0
5/31/2013 19:39,1631,3002,19.9,158,1015,0
5/31/2013 19:39,1631,3002,19.9,158,1015,0.3
5/31/2013 19:39,1631,3002,19.9,157,1015,1.1
5/31/2013 19:39,1631,3002,19.9,156,1015,1.4
5/31/2013 19:39,1631,3002,19.9,156,1015,1.8
5/31/2013 19:40,1631,3002,19.9,155,1015,1.8
5/31/2013 19:40,1631,3010,19.9,155,1015,1.7
5/31/2013 19:40,1631,3010,19.9,155,1015,1.7
5/31/2013 19:40,1631,3010,19.9,155,1015,1.7
5/31/2013 19:40,1631,3010,18.1,154,1015,1.7
5/31/2013 19:40,1631,3010,18.1,155,1015,1.7
5/31/2013 19:40,1631,3010,18.1,154,1015,1.7
5/31/2013 19:40,1631,3010,18.1,153,1015,1.7
5/31/2013 19:40,1631,3022,18.1,153,1015,1.7
5/31/2013 19:40,1631,3022,18.1,153,1015,1.7
5/31/2013 19:40,1631,3022,18.1,152,1015,1.7
5/31/2013 19:40,1631,3022,18.1,151,1015,1.7
5/31/2013 19:40,1631,3022,18.1,151,1015,1.6
5/31/2013 19:40,1631,3029,18.1,150,1015,1.5
5/31/2013 19:40,1631,3029,16,148,1015,1.5
5/31/2013 19:40,1631,3029,16,148,1015,1.5
5/31/2013 19:40,1631,3029,16,147,1015,1.5
5/31/2013 19:40,1631,3029,16,147,1015,1.5
5/31/2013 19:40,1631,3029,16,147,1015,1.4
5/31/2013 19:40,1631,3029,16,147,1015,1.3
5/31/2013 19:40,1631,3029,16,146,1015,1.3
5/31/2013 19:40,1630,3029,16,145,1015,1.3
5/31/2013 19:40,1630,3029,16,145,1015,1.4
5/31/2013 19:40,1630,3041,16,145,1015,1.4
5/31/2013 19:40,1630,3041,14,145,1015,1.5
5/31/2013 19:40,1630,3041,14,144,1015,1.5
5/31/2013 19:40,1630,3041,14,144,1015,1.5
5/31/2013 19:40,1630,3049,14,143,1015,1.5
5/31/2013 19:40,1630,3049,14,143,1015,1.5
5/31/2013 19:40,1630,3049,14,142,1015,1.5
5/31/2013 19:40,1630,3049,14,143,1015,1.6
5/31/2013 19:40,1629,3055,14,142,1015,1.6
5/31/2013 19:40,1629,3055,14,141,1015,1.6
5/31/2013 19:40,1629,3055,14,139,1015,1.6
5/31/2013 19:40,1629,3055,11.8,138,1015,1.6
5/31/2013 19:40,1629,3055,11.8,137,1015,1.6
5/31/2013 19:40,1629,3064,11.8,137,1015,1.6
5/31/2013 19:40,1629,3064,11.8,136,1015,1.6
5/31/2013 19:40,1629,3064,11.8,136,1015,1.6
5/31/2013 19:40,1629,3064,11.8,135,1015,1.6
5/31/2013 19:40,1629,3064,11.8,135,1015,1.6
5/31/2013 19:40,1629,3072,11.8,134,1015,1.6
5/31/2013 19:40,1629,3072,11.8,133,1015,1.6
5/31/2013 19:40,1629,3072,11.8,132,1015,1.6
5/31/2013 19:40,1629,3072,9.2,131,1015,1.6
5/31/2013 19:40,1629,3080,9.2,131,1015,1.7
5/31/2013 19:40,1629,3080,9.2,130,1015,1.7
5/31/2013 19:40,1629,3080,9.2,130,1015,1.7
5/31/2013 19:40,1629,3080,9.2,130,1015,1.7
5/31/2013 19:40,1629,3080,9.2,130,1015,1.7
5/31/2013 19:40,1629,3080,9.2,130,1015,1.7
5/31/2013 19:40,1628,3090,9.2,129,1015,1.7
5/31/2013 19:40,1628,3090,9.2,129,1015,1.7
5/31/2013 19:40,1628,3090,9.2,129,1015,1.7
5/31/2013 19:40,1628,3090,7.5,129,1015,1.7
5/31/2013 19:40,1628,3090,7.5,129,1015,1.7
5/31/2013 19:40,1628,3099,0,0,1015,1.7
5/31/2013 19:40,1628,3099,0,0,1015,1.8
5/31/2013 19:40,1628,3099,0,0,1015,1.8
5/31/2013 19:40,1628,3099,7.5,128,1015,1.8
5/31/2013 19:41,1628,3106,7.5,127,1015,1.7
5/31/2013 19:41,1628,3106,7.5,127,1015,1.7
5/31/2013 19:41,1628,3106,7.5,127,1015,1.7
5/31/2013 19:41,1628,3106,7.5,127,1015,1.7
5/31/2013 19:41,1628,3106,6.4,127,1015,1.7
5/31/2013 19:41,1628,3114,6.4,128,1015,1.7
5/31/2013 19:41,1628,3114,6.4,128,1015,1.7
5/31/2013 19:41,1628,3114,6.4,128,1015,1.7
5/31/2013 19:41,1628,3114,6.4,128,1015,1.7
5/31/2013 19:41,1628,3114,6.4,128,1015,1.7
5/31/2013 19:41,1628,3114,6.4,129,1015,1.7
5/31/2013 19:41,1628,3114,6.4,129,1015,1.7
5/31/2013 19:41,1628,3126,6.4,128,1015,1.7
5/31/2013 19:41,1628,3126,6.4,128,1015,1.7
5/31/2013 19:41,1628,3126,6.1,127,1015,1.7
5/31/2013 19:41,1628,3126,6.1,128,1015,1.7
5/31/2013 19:41,1628,3126,6.1,128,1015,1.7
5/31/2013 19:41,1628,3136,6.1,128,1015,1.7
5/31/2013 19:41,1628,3136,6.1,128,1015,1.7
5/31/2013 19:41,1628,3136,6.1,128,1015,1.7
5/31/2013 19:41,1628,3136,6.1,128,1015,1.7
5/31/2013 19:41,1628,3136,6.1,127,1015,1.7
5/31/2013 19:41,1628,3136,6.1,127,1015,1.7
5/31/2013 19:41,1628,3136,6.1,127,1015,1.7
5/31/2013 19:41,1628,3148,5.8,127,1015,1.7
5/31/2013 19:41,1628,3148,5.8,128,1015,1.7
5/31/2013 19:41,1628,3148,5.8,130,1015,1.8
5/31/2013 19:41,1628,3148,5.8,130,1015,1.9
5/31/2013 19:41,1628,3156,5.8,131,1015,1.9
5/31/2013 19:41,1628,3156,5.8,131,1015,1.9
5/31/2013 19:41,1628,3156,5.8,132,1015,2
5/31/2013 19:41,1628,3156,5.8,133,1015,2.1
5/31/2013 19:41,1628,3166,5.8,134,1015,2.1
5/31/2013 19:41,1628,3166,5.8,135,1015,2.2
5/31/2013 19:41,1628,3166,7.9,136,1015,2.2
5/31/2013 19:41,1628,3166,7.9,136,1015,2.2
5/31/2013 19:41,1628,3175,7.9,137,1015,2.2
5/31/2013 19:41,1628,3175,7.9,138,1015,2.2
5/31/2013 19:41,1628,3175,7.9,139,1015,2.2
5/31/2013 19:41,1628,3175,7.9,140,1015,2.3
5/31/2013 19:41,1628,3185,7.9,141,1015,2.3
5/31/2013 19:41,1628,3185,7.9,142,1015,2.3
5/31/2013 19:41,1628,3185,7.9,142,1015,2.2
5/31/2013 19:41,1628,3185,7.9,141,1015,2.2
5/31/2013 19:41,1628,3193,9.8,141,1015,2.2
5/31/2013 19:41,1628,3193,9.8,142,1015,2.2
5/31/2013 19:41,1628,3193,9.8,142,1015,2.2
5/31/2013 19:41,1628,3193,9.8,143,1015,2.2
5/31/2013 19:41,1628,3193,9.8,144,1015,2.3
5/31/2013 19:41,1628,3205,9.8,145,1015,2.2
5/31/2013 19:41,1628,3205,9.8,147,1015,2.2
5/31/2013 19:41,1628,3205,9.8,148,1015,2.2
5/31/2013 19:41,1628,3205,9.8,149,1015,2.2
5/31/2013 19:41,1628,3205,9.8,149,1015,2.2
5/31/2013 19:41,1628,3215,12.6,149,1015,2.2
5/31/2013 19:41,1628,3215,12.6,151,1015,2.2
5/31/2013 19:41,1628,3215,12.6,152,1015,2.2
5/31/2013 19:41,1628,3215,12.6,152,1015,2.2
5/31/2013 19:41,1628,3215,12.6,153,1015,2.2
5/31/2013 19:41,1628,3226,12.6,154,1015,2.2
5/31/2013 19:42,1628,3226,12.6,154,1015,2.2
5/31/2013 19:42,1628,3226,12.6,154,1015,2.2
5/31/2013 19:42,1628,3226,12.6,155,1015,2.2
5/31/2013 19:42,1628,3226,12.6,156,1015,2.2
5/31/2013 19:42,1628,3238,15.8,156,1015,2.2
5/31/2013 19:42,1628,3238,15.8,157,1015,2.2
5/31/2013 19:42,1628,3238,15.8,157,1015,2.2
5/31/2013 19:42,1628,3238,15.8,157,1015,2.2
5/31/2013 19:42,1628,3238,15.8,157,1015,2.2
5/31/2013 19:42,1628,3249,15.8,158,1015,2.2
5/31/2013 19:42,1628,3249,15.8,158,1015,2.2
5/31/2013 19:42,1628,3249,15.8,158,1015,2.2
5/31/2013 19:42,1628,3249,15.8,159,1015,2.2
5/31/2013 19:42,1628,3258,15.8,159,1015,2.2
5/31/2013 19:42,1628,3258,18,159,1015,2.2
5/31/2013 19:42,1628,3258,18,160,1015,2.2
5/31/2013 19:42,1628,3258,18,160,1015,2.2
5/31/2013 19:42,1628,3267,18,160,1015,2.2
5/31/2013 19:42,1628,3267,18,161,1015,2.2
5/31/2013 19:42,1628,3267,18,161,1015,2.2
5/31/2013 19:42,1628,3267,18,161,1015,2.2
5/31/2013 19:42,1628,3276,18,161,1015,2.2
5/31/2013 19:42,1628,3276,18,161,1015,2.2
5/31/2013 19:42,1628,3276,18,162,1015,2.2
5/31/2013 19:42,1628,3276,19.5,162,1015,2.2
5/31/2013 19:42,1628,3285,19.5,162,1015,2.2
5/31/2013 19:42,1628,3285,19.5,163,1015,2.2
5/31/2013 19:42,1628,3285,19.5,162,1015,2.2
5/31/2013 19:42,1628,3285,19.5,163,1015,2.2
5/31/2013 19:42,1628,3294,19.5,163,1015,2.2
5/31/2013 19:42,1628,3294,19.5,164,1015,2.2
5/31/2013 19:42,1628,3294,19.5,163,1015,2.2
5/31/2013 19:42,1628,3294,19.5,164,1015,2.3
5/31/2013 19:42,1628,3294,19.5,164,1015,2.3
5/31/2013 19:42,1628,3306,20.2,164,1015,2.3
5/31/2013 19:42,1628,3306,20.2,165,1015,2.3
5/31/2013 19:42,1628,3306,20.2,164,1015,2.3
5/31/2013 19:42,1628,3306,20.2,165,1015,2.3
5/31/2013 19:42,1628,3306,20.2,165,1015,2.3
5/31/2013 19:42,1628,3318,20.2,165,1015,2.3
5/31/2013 19:42,1628,3318,20.2,165,1015,2.3
5/31/2013 19:42,1627,3318,20.2,165,1015,2.3
5/31/2013 19:42,1627,3318,20.2,165,1015,2.3
5/31/2013 19:42,1627,3318,20.2,165,1015,2.3
5/31/2013 19:42,1627,3330,20.6,165,1015,2.3
5/31/2013 19:42,1627,3330,20.6,166,1015,2.3
5/31/2013 19:42,1627,3330,20.6,166,1015,2.3
5/31/2013 19:42,1627,3330,20.6,165,1015,2.3
5/31/2013 19:42,1627,3330,20.6,165,1015,2.3
5/31/2013 19:42,1627,3341,20.6,166,1015,2.3
5/31/2013 19:42,1627,3341,20.6,166,1015,2.3
5/31/2013 19:42,1627,3341,20.6,166,1015,2.3
5/31/2013 19:42,1627,3341,20.6,166,1015,2.3
5/31/2013 19:42,1627,3341,20.6,166,1015,2.2
5/31/2013 19:42,1627,3341,20.7,166,1015,2.2
5/31/2013 19:42,1627,3341,20.7,165,1015,2.2
5/31/2013 19:42,1627,3353,20.7,166,1015,2.2
5/31/2013 19:42,1627,3353,20.7,165,1015,2.2
5/31/2013 19:42,1627,3353,20.7,165,1015,2.2
5/31/2013 19:42,1627,3353,20.7,165,1015,2.2
5/31/2013 19:43,1627,3353,20.7,165,1015,2.2
5/31/2013 19:43,1628,3353,20.7,165,1015,2.2
5/31/2013 19:43,1628,3365,20.7,165,1015,2.2
5/31/2013 19:43,1628,3365,20.7,165,1015,2.2
5/31/2013 19:43,1628,3365,20.7,165,1015,2.2
5/31/2013 19:43,1628,3365,20.7,165,1015,2.2
5/31/2013 19:43,1628,3365,20.7,166,1015,2.2
5/31/2013 19:43,1628,3365,20.7,165,1015,2.2
5/31/2013 19:43,1628,3378,20.7,165,1015,2.2
5/31/2013 19:43,1628,3378,20.7,165,1015,2.2
5/31/2013 19:43,1628,3378,20.7,165,1015,2.2
5/31/2013 19:43,1628,3378,20.7,165,1015,2.2
5/31/2013 19:43,1628,3378,20.7,165,1015,2.2
5/31/2013 19:43,1628,3390,20.7,165,1015,2.2
5/31/2013 19:43,1628,3390,20.8,165,1015,2.2
5/31/2013 19:43,1628,3390,20.8,165,1015,2.2
5/31/2013 19:43,1628,3390,20.8,166,1015,2.2
5/31/2013 19:43,1628,3390,20.8,166,1015,2.2
5/31/2013 19:43,1628,3402,20.8,166,1015,2.2
5/31/2013 19:43,1628,3402,20.8,166,1015,2.2
5/31/2013 19:43,1628,3402,20.8,166,1015,2.2
5/31/2013 19:43,1627,3402,20.8,167,1015,2.2
5/31/2013 19:43,1627,3402,20.8,167,1015,2.2
5/31/2013 19:43,1627,3402,20.8,167,1015,2.2
5/31/2013 19:43,1627,3414,20.8,166,1015,2.2
5/31/2013 19:43,1627,3414,20.8,167,1015,2.2
5/31/2013 19:43,1627,3414,20.8,167,1015,2.2
5/31/2013 19:43,1627,3414,20.8,168,1015,2.2
5/31/2013 19:43,1627,3414,20.8,167,1015,2.2
5/31/2013 19:43,1627,3414,20.8,168,1015,2.2
5/31/2013 19:43,1627,3414,20.8,167,1015,2.2
5/31/2013 19:43,1628,3430,20.8,168,1015,2.2
5/31/2013 19:43,1628,3430,20.8,168,1015,2.2
5/31/2013 19:43,1628,3430,20.8,168,1015,2.2
5/31/2013 19:43,1628,3430,20.8,167,1015,2.2
5/31/2013 19:43,1628,3430,20.8,167,1015,2.2
5/31/2013 19:43,1628,3441,20.8,167,1015,2.2
5/31/2013 19:43,1628,3441,20.8,167,1015,2.2
5/31/2013 19:43,1628,3441,20.8,166,1015,2.2
5/31/2013 19:43,1628,3441,20.8,167,1015,2.2
5/31/2013 19:43,1628,3441,20.8,167,1015,2.2
5/31/2013 19:43,1628,3441,20.8,167,1015,2.2
5/31/2013 19:43,1628,3441,20.8,167,1015,2.2
5/31/2013 19:43,1628,3456,20.8,168,1015,2.2
5/31/2013 19:43,1628,3456,20.8,168,1015,2.2
5/31/2013 19:43,1628,3456,20.8,168,1015,2.2
5/31/2013 19:43,1628,3456,20.8,168,1015,2.2
5/31/2013 19:43,1628,3456,20.8,169,1015,2.2
5/31/2013 19:43,1628,3456,20.8,169,1015,2.2
5/31/2013 19:43,1628,3456,20.8,169,1015,2.2
5/31/2013 19:43,1628,3472,20.8,169,1015,2.2
5/31/2013 19:43,1628,3472,20.8,169,1015,2.2
5/31/2013 19:43,1628,3472,20.8,169,1015,2.2
5/31/2013 19:43,1628,3472,20.8,169,1015,2.2
5/31/2013 19:43,1628,3472,20.8,169,1015,2.2
5/31/2013 19:43,1628,3484,20.8,169,1015,2.2
5/31/2013 19:43,1629,3484,20.8,169,1015,2.2
5/31/2013 19:43,1629,3484,20.8,169,1015,2.2
5/31/2013 19:43,1629,3484,20.8,170,1015,2.2
5/31/2013 19:43,1629,3484,20.8,170,1015,2.2
5/31/2013 19:44,1629,3495,20.8,170,1015,2.2
5/31/2013 19:44,1629,3495,20.8,171,1015,2.2
5/31/2013 19:44,1629,3495,20.8,170,1015,2.2
5/31/2013 19:44,1629,3495,20.8,170,1015,2.2
5/31/2013 19:44,1629,3495,20.8,170,1015,2.2
5/31/2013 19:44,1629,3495,20.8,170,1015,2.2
5/31/2013 19:44,1629,3508,20.8,170,1015,2.2
5/31/2013 19:44,1629,3508,20.8,170,1015,2.2
5/31/2013 19:44,1629,3508,20.8,170,1015,2.2
5/31/2013 19:44,1629,3508,20.8,170,1015,2.2
5/31/2013 19:44,1629,3519,20.8,170,1015,2.2
5/31/2013 19:44,1630,3519,20.8,170,1015,2.3
5/31/2013 19:44,1630,3519,20.8,170,1015,2.3
5/31/2013 19:44,1630,3519,20.8,170,1015,2.3
5/31/2013 19:44,1630,3519,20.8,170,1015,2.3
5/31/2013 19:44,1630,3533,20.8,170,1015,2.3
5/31/2013 19:44,1630,3533,20.8,170,1015,2.3
5/31/2013 19:44,1630,3533,20.8,171,1015,2.3
5/31/2013 19:44,1630,3533,20.8,171,1015,2.3
5/31/2013 19:44,1630,3533,20.8,171,1015,2.3
5/31/2013 19:44,1630,3533,20.8,171,1015,2.3
5/31/2013 19:44,1629,3549,20.8,171,1015,2.3
5/31/2013 19:44,1629,3549,20.8,171,1015,2.3
5/31/2013 19:44,1629,3549,20.8,171,1015,2.3
5/31/2013 19:44,1629,3549,20.8,171,1015,2.3
5/31/2013 19:44,1629,3549,20.8,171,1015,2.3
5/31/2013 19:44,1629,3561,20.8,171,1015,2.3
5/31/2013 19:44,1629,3561,20.8,170,1015,2.3
5/31/2013 19:44,1629,3561,20.8,170,1015,2.3
5/31/2013 19:44,1629,3561,20.8,170,1015,2.2
5/31/2013 19:44,1629,3561,20.8,169,1015,2.2
5/31/2013 19:44,1629,3571,20.8,168,1015,2.2
5/31/2013 19:44,1629,3571,20.8,168,1015,2.1
5/31/2013 19:44,1629,3571,20.8,167,1015,2.1
5/31/2013 19:44,1629,3571,20.8,167,1015,2.1
5/31/2013 19:44,1629,3571,20.8,167,1015,2.1
5/31/2013 19:44,1629,3582,20.8,165,1015,2.1
5/31/2013 19:44,1629,3582,20.8,165,1015,2.1
5/31/2013 19:44,1629,3582,20.8,165,1015,2
5/31/2013 19:44,1629,3582,20.8,164,1015,2
5/31/2013 19:44,1629,3588,20.8,164,1015,1.9
5/31/2013 19:44,1630,3588,20.8,163,1015,1.9
5/31/2013 19:44,1630,3588,20.8,162,1015,1.9
5/31/2013 19:44,1630,3588,20.8,162,1015,1.9
5/31/2013 19:44,1630,3595,20.6,162,1015,1.9
5/31/2013 19:44,1630,3595,20.6,161,1015,1.9
5/31/2013 19:44,1630,3595,20.6,160,1015,1.9
5/31/2013 19:44,1630,3595,20.6,160,1015,1.9
5/31/2013 19:44,1630,3602,20.6,159,1015,1.9
5/31/2013 19:44,1630,3602,20.6,158,1015,1.9
5/31/2013 19:44,1630,3602,20.6,158,1015,1.9
5/31/2013 19:44,1630,3609,20.6,158,1015,1.9
5/31/2013 19:44,1630,3609,20.6,157,1015,1.9
5/31/2013 19:44,1630,3609,20.6,156,1015,1.9
5/31/2013 19:44,1630,3609,19,156,1015,1.9
5/31/2013 19:44,1630,3616,19,156,1015,1.9
5/31/2013 19:44,1630,3616,19,155,1015,1.7
5/31/2013 19:44,1630,3616,19,155,1015,0.8
5/31/2013 19:44,1630,3616,19,155,1015,0.8
5/31/2013 19:44,1630,3616,19,154,1015,0.6
5/31/2013 19:45,1630,3616,19,153,1016,0.5
5/31/2013 19:45,1629,3616,19,152,1016,0.4
5/31/2013 19:45,1629,3616,19,152,1016,0.3
5/31/2013 19:45,1629,3616,19,151,1016,0
5/31/2013 19:45,1629,3616,16.5,150,1016,0
5/31/2013 19:45,1629,3616,16.5,149,1016,0.3
5/31/2013 19:45,1629,3616,16.5,148,1016,0.6
5/31/2013 19:45,1629,3616,16.5,147,1016,1.3
5/31/2013 19:45,1629,3616,16.5,147,1016,1.6
5/31/2013 19:45,1629,3616,16.5,147,1016,1.5
5/31/2013 19:45,1629,3622,16.5,147,1016,1.6
5/31/2013 19:45,1629,3622,16.5,147,1016,1.7
5/31/2013 19:45,1629,3622,16.5,146,1016,1.7
5/31/2013 19:45,1629,3622,16.5,146,1016,1.7
5/31/2013 19:45,1629,3630,14.6,146,1016,1.7
5/31/2013 19:45,1629,3630,14.6,146,1016,1.7
5/31/2013 19:45,1629,3630,14.6,144,1016,1.7
5/31/2013 19:45,1629,3630,14.6,143,1016,1.7
5/31/2013 19:45,1629,3630,14.6,142,1016,1.7
5/31/2013 19:45,1629,3637,14.6,142,1016,1.7
5/31/2013 19:45,1629,3637,14.6,141,1016,1.6
5/31/2013 19:45,1629,3637,14.6,141,1016,1.6
5/31/2013 19:45,1629,3637,14.6,141,1016,1.7
5/31/2013 19:45,1629,3645,14.6,140,1016,1.7
5/31/2013 19:45,1629,3645,12.1,139,1016,1.7
5/31/2013 19:45,1629,3645,12.1,138,1016,1.7
5/31/2013 19:45,1629,3645,12.1,138,1016,1.7
5/31/2013 19:45,1629,3652,12.1,138,1016,1.7
5/31/2013 19:45,1629,3652,12.1,138,1016,1.8
5/31/2013 19:45,1629,3652,12.1,138,1016,1.8
5/31/2013 19:45,1629,3659,12.1,137,1016,1.8
5/31/2013 19:45,1629,3659,12.1,137,1016,1.9
5/31/2013 19:45,1629,3659,12.1,137,1016,1.8
5/31/2013 19:45,1629,3659,12.1,137,1016,1.8
5/31/2013 19:45,1629,3666,10.3,137,1016,1.8
5/31/2013 19:45,1629,3666,10.3,137,1016,1.8
5/31/2013 19:45,1630,3666,10.3,137,1016,1.8
5/31/2013 19:45,1630,3666,0,0,1016,1.8
5/31/2013 19:45,1630,3666,10.3,136,1016,1.8
5/31/2013 19:45,1630,3675,10.3,137,1016,1.8
5/31/2013 19:45,1630,3675,10.3,137,1016,1.8
5/31/2013 19:45,1630,3675,10.3,138,1016,1.8
5/31/2013 19:45,1630,3675,10.3,139,1016,1.8
5/31/2013 19:45,1630,3675,10.3,139,1016,1.8
5/31/2013 19:45,1630,3684,10.1,139,1016,1.8
5/31/2013 19:45,1630,3684,10.1,138,1016,1.8
5/31/2013 19:45,1630,3684,10.1,138,1016,1.8
5/31/2013 19:45,1630,3684,10.1,137,1016,1.8
5/31/2013 19:45,1630,3691,10.1,137,1016,1.8
5/31/2013 19:45,1630,3691,10.1,135,1016,1.8
5/31/2013 19:45,1630,3691,10.1,133,1016,1.8
5/31/2013 19:45,1630,3691,10.1,133,1016,1.8
5/31/2013 19:45,1630,3698,10.1,133,1016,1.8
5/31/2013 19:45,1630,3698,10.1,133,1016,1.8
5/31/2013 19:45,1630,3698,8.5,134,1016,1.8
5/31/2013 19:45,1630,3698,8.5,133,1016,1.8
5/31/2013 19:45,1630,3705,8.5,133,1016,1.8
5/31/2013 19:45,1630,3705,8.5,133,1016,1.8
5/31/2013 19:45,1630,3705,8.5,132,1016,1.8
5/31/2013 19:45,1630,3705,8.5,132,1016,1.8
5/31/2013 19:46,1630,3713,8.5,132,1016,1.8
5/31/2013 19:46,1631,3713,8.5,132,1016,1.8
5/31/2013 19:46,1631,3713,8.5,131,1016,1.8
5/31/2013 19:46,1631,3713,8.5,131,1016,1.8
5/31/2013 19:46,1631,3719,7.4,131,1016,1.8
5/31/2013 19:46,1631,3719,7.4,131,1016,1.8
5/31/2013 19:46,1631,3719,7.4,130,1016,1.8
5/31/2013 19:46,1631,3719,7.4,130,1016,1.7
5/31/2013 19:46,1631,3719,7.4,129,1016,1.7
5/31/2013 19:46,1631,3725,7.4,129,1016,1.6
5/31/2013 19:46,1631,3725,7.4,129,1016,1.6
5/31/2013 19:46,1631,3725,7.4,130,1016,1.5
5/31/2013 19:46,1631,3725,7.4,131,1016,1.5
5/31/2013 19:46,1631,3725,7.4,130,1016,1.5
5/31/2013 19:46,1631,3725,6.7,130,1016,1.5
5/31/2013 19:46,1631,3725,6.7,129,1016,1.5
5/31/2013 19:46,1631,3733,6.7,129,1016,1.5
5/31/2013 19:46,1631,3733,6.7,129,1016,1.5
5/31/2013 19:46,1631,3733,6.7,129,1016,1.6
5/31/2013 19:46,1631,3740,6.7,129,1016,1.6
5/31/2013 19:46,1631,3740,0,0,1016,1.6
5/31/2013 19:46,1631,3740,0,0,1016,1.6
5/31/2013 19:46,1631,3740,6.7,130,1016,1.6
5/31/2013 19:46,1631,3747,6.7,130,1016,1.6
5/31/2013 19:46,1631,3747,6.4,130,1016,1.6
5/31/2013 19:46,1631,3747,6.4,130,1016,1.6
5/31/2013 19:46,1631,3747,6.4,130,1016,1.6
5/31/2013 19:46,1631,3754,6.4,130,1016,1.7
5/31/2013 19:46,1631,3754,0,0,1016,1.7
5/31/2013 19:46,1631,3754,0,0,1016,1.6
5/31/2013 19:46,1631,3754,0,0,1016,1.6
5/31/2013 19:46,1631,3754,0,0,1016,1.6
5/31/2013 19:46,1631,3762,0,0,1016,1.6
5/31/2013 19:46,1631,3762,0,0,1016,1.6
5/31/2013 19:46,1631,3762,0,0,1016,1.6
5/31/2013 19:46,1631,3762,0,0,1016,1.6
5/31/2013 19:46,1631,3762,0,0,1016,1.6
5/31/2013 19:46,1631,3769,0,0,1016,1.6
5/31/2013 19:46,1631,3769,0,0,1016,1.6
5/31/2013 19:46,1631,3769,0,0,1016,1.6
5/31/2013 19:46,1631,3769,0,0,1016,1.6
5/31/2013 19:46,1631,3769,0,0,1016,1.6
5/31/2013 19:46,1631,3769,0,0,1016,1.6
5/31/2013 19:46,1631,3779,0,0,1016,1.6
5/31/2013 19:46,1631,3779,0,0,1016,1.6
5/31/2013 19:46,1631,3779,0,0,1016,1.6
5/31/2013 19:46,1631,3779,0,0,1016,1.6
5/31/2013 19:46,1631,3785,0,0,1016,1.6
5/31/2013 19:46,1631,3785,0,0,1016,1.6
5/31/2013 19:46,1631,3785,0,0,1016,1.7
5/31/2013 19:46,1631,3792,0,0,1016,1.7
5/31/2013 19:46,1632,3792,0,0,1016,1.7
5/31/2013 19:46,1632,3792,0,0,1016,1.7
5/31/2013 19:46,1632,3792,0,0,1016,1.7
5/31/2013 19:46,1632,3792,0,0,1016,1.7
5/31/2013 19:46,1632,3799,0,0,1016,1.7
5/31/2013 19:46,1632,3799,0,0,1016,1.7
5/31/2013 19:46,1632,3799,0,0,1016,1.7
5/31/2013 19:46,1632,3799,0,0,1016,1.7
5/31/2013 19:46,1632,3799,0,0,1016,1.7
5/31/2013 19:47,1632,3808,0,0,1016,1.7
5/31/2013 19:47,1631,3808,0,0,1016,1.7
5/31/2013 19:47,1631,3808,0,0,1016,1.7
5/31/2013 19:47,1631,3808,0,0,1016,1.7
5/31/2013 19:47,1631,3815,0,0,1016,1.7
5/31/2013 19:47,1631,3815,0,0,1016,1.7
5/31/2013 19:47,1631,3815,0,0,1016,1.7
5/31/2013 19:47,1631,3815,0,0,1016,1.7
5/31/2013 19:47,1631,3815,0,0,1016,1.7
5/31/2013 19:47,1631,3822,0,0,1016,1.7
5/31/2013 19:47,1631,3822,0,0,1016,1.7
5/31/2013 19:47,1631,3822,0,0,1016,1.7
5/31/2013 19:47,1631,3822,0,0,1016,1.7
5/31/2013 19:47,1631,3822,0,0,1016,1.7
5/31/2013 19:47,1631,3830,0,0,1016,1.7
5/31/2013 19:47,1631,3830,0,0,1016,1.7
5/31/2013 19:47,1631,3830,0,0,1016,1.7
5/31/2013 19:47,1631,3830,0,0,1016,1.7
5/31/2013 19:47,1631,3837,0,0,1016,1.7
5/31/2013 19:47,1631,3837,0,0,1016,1.7
5/31/2013 19:47,1631,3837,0,0,1016,1.7
5/31/2013 19:47,1632,3843,0,0,1016,1.7
5/31/2013 19:47,1632,3843,0,0,1016,1.7
5/31/2013 19:47,1632,3843,0,0,1016,1.7
5/31/2013 19:47,1632,3843,0,0,1016,1.7
5/31/2013 19:47,1632,3849,0,0,1016,1.7
5/31/2013 19:47,1632,3849,0,0,1016,1.7
5/31/2013 19:47,1632,3849,0,0,1016,1.7
5/31/2013 19:47,1632,3855,0,0,1016,1.7
5/31/2013 19:47,1632,3855,0,0,1016,1.7
5/31/2013 19:47,1632,3855,0,0,1016,1.7
5/31/2013 19:47,1632,3855,0,0,1016,1.7
5/31/2013 19:47,1632,3861,0,0,1016,1.7
5/31/2013 19:47,1632,3861,0,0,1016,1.7
5/31/2013 19:47,1632,3861,0,0,1016,1.7
5/31/2013 19:47,1632,3861,0,0,1016,1.7
5/31/2013 19:47,1632,3868,0,0,1016,1.7
5/31/2013 19:47,1632,3868,0,0,1016,1.7
5/31/2013 19:47,1632,3868,0,0,1016,1.7
5/31/2013 19:47,1632,3868,0,0,1016,1.7
5/31/2013 19:47,1632,3874,0,0,1016,1.7
5/31/2013 19:47,1632,3874,0,0,1016,1.7
5/31/2013 19:47,1632,3874,0,0,1016,1.7
5/31/2013 19:47,1632,3874,0,0,1016,1.7
5/31/2013 19:47,1632,3882,0,0,1016,1.7
5/31/2013 19:47,1632,3882,0,0,1016,1.7
5/31/2013 19:47,1632,3882,0,0,1016,1.7
5/31/2013 19:47,1632,3882,0,0,1016,1.7
5/31/2013 19:47,1632,3882,0,0,1016,1.6
5/31/2013 19:47,1632,3888,0,0,1016,1.6
5/31/2013 19:47,1632,3888,0,0,1016,1.6
5/31/2013 19:47,1633,3888,0,0,1016,1.6
5/31/2013 19:47,1633,3888,0,0,1016,1.6
5/31/2013 19:47,1633,3888,0,0,1016,1.6
5/31/2013 19:47,1633,3888,0,0,1016,1.6
5/31/2013 19:47,1633,3897,0,0,1016,1.6
5/31/2013 19:47,1633,3897,0,0,1016,1.6
5/31/2013 19:47,1633,3897,0,0,1016,1.6
5/31/2013 19:47,1633,3897,0,0,1016,1.6
5/31/2013 19:47,1633,3897,0,0,1016,1.6
5/31/2013 19:48,1633,3905,0,0,1016,1.6
5/31/2013 19:48,1632,3905,0,0,1016,1.6
5/31/2013 19:48,1632,3905,0,0,1016,1.6
5/31/2013 19:48,1632,3905,0,0,1016,1.6
5/31/2013 19:48,1632,3912,0,0,1016,1.6
5/31/2013 19:48,1632,3912,0,0,1016,1.6
5/31/2013 19:48,1632,3912,0,0,1016,1.6
5/31/2013 19:48,1632,3912,0,0,1016,1.6
5/31/2013 19:48,1632,3912,0,0,1016,1.6
5/31/2013 19:48,1632,3921,0,0,1016,1.6
5/31/2013 19:48,1632,3921,0,0,1016,1.7
5/31/2013 19:48,1632,3921,0,0,1016,1.7
5/31/2013 19:48,1632,3921,0,0,1016,1.7
5/31/2013 19:48,1632,3921,0,0,1016,1.7
5/31/2013 19:48,1632,3930,0,0,1016,1.7
5/31/2013 19:48,1632,3930,0,0,1016,1.7
5/31/2013 19:48,1632,3930,0,0,1016,1.7
5/31/2013 19:48,1632,3930,0,0,1016,1.6
5/31/2013 19:48,1632,3935,0,0,1016,1.6
5/31/2013 19:48,1632,3935,0,0,1016,1.6
5/31/2013 19:48,1632,3935,0,0,1016,1.6
5/31/2013 19:48,1632,3935,0,0,1016,1.6
5/31/2013 19:48,1632,3935,0,0,1016,1.6
5/31/2013 19:48,1632,3943,0,0,1016,1.6
5/31/2013 19:48,1632,3943,0,0,1016,1.6
5/31/2013 19:48,1632,3943,0,0,1016,1.6
5/31/2013 19:48,1632,3943,0,0,1016,1.6
5/31/2013 19:48,1632,3943,0,0,1016,1.6
5/31/2013 19:48,1632,3951,0,0,1016,1.6
5/31/2013 19:48,1632,3951,0,0,1016,1.6
5/31/2013 19:48,1632,3951,0,0,1016,1.6
5/31/2013 19:48,1633,3951,0,0,1016,1.6
5/31/2013 19:48,1633,3951,0,0,1016,1.6
5/31/2013 19:48,1633,3951,0,0,1016,1.6
5/31/2013 19:48,1633,3961,0,0,1016,1.6
5/31/2013 19:48,1633,3961,0,0,1016,1.6
5/31/2013 19:48,1633,3961,0,0,1016,1.6
5/31/2013 19:48,1633,3961,0,0,1016,1.6
5/31/2013 19:48,1633,3961,0,0,1016,1.6
5/31/2013 19:48,1633,3970,0,0,1016,1.6
5/31/2013 19:48,1633,3970,0,0,1016,1.6
5/31/2013 19:48,1633,3970,0,0,1016,1.6
5/31/2013 19:48,1633,3970,0,0,1016,1.6
5/31/2013 19:48,1633,3970,0,0,1016,1.6
5/31/2013 19:48,1633,3977,0,0,1016,1.6
5/31/2013 19:48,1633,3977,0,0,1016,1.6
5/31/2013 19:48,1633,3977,0,0,1016,1.6
5/31/2013 19:48,1633,3977,0,0,1016,1.6
5/31/2013 19:48,1633,3983,0,0,1016,1.6
5/31/2013 19:48,1633,3983,0,0,1016,1.6
5/31/2013 19:48,1633,3983,0,0,1016,1.6
5/31/2013 19:48,1633,3988,0,0,1016,1.6
5/31/2013 19:48,1633,3988,0,0,1016,1.6
5/31/2013 19:48,1633,3988,0,0,1016,1.6
5/31/2013 19:48,1633,3988,0,0,1016,1.6
5/31/2013 19:48,1633,3988,0,0,1016,1.6
5/31/2013 19:48,1633,3996,0,0,1016,1.6
5/31/2013 19:48,1633,3996,0,0,1016,1.6
5/31/2013 19:48,1633,3996,0,0,1016,1.6
5/31/2013 19:48,1633,4001,0,0,1016,1.6
5/31/2013 19:49,1633,4001,0,0,1016,1.6
5/31/2013 19:49,1632,4001,0,0,1016,1.6
5/31/2013 19:49,1632,4005,0,0,1016,1.6
5/31/2013 19:49,1632,4005,0,0,1016,1.6
5/31/2013 19:49,1632,4005,0,0,1016,1.6
5/31/2013 19:49,1632,4005,0,0,1016,1.6
5/31/2013 19:49,1632,4005,0,0,1016,1.6
5/31/2013 19:49,1633,4013,0,0,1016,1.6
5/31/2013 19:49,1633,4013,0,0,1016,1.6
5/31/2013 19:49,1633,4013,0,0,1016,1.6
5/31/2013 19:49,1633,4013,0,0,1016,1.6
5/31/2013 19:49,1634,4013,0,0,1016,1.6
5/31/2013 19:49,1634,4021,0,0,1016,1.6
5/31/2013 19:49,1634,4021,0,0,1016,1.6
5/31/2013 19:49,1634,4021,0,0,1016,1.6
5/31/2013 19:49,1634,4026,0,0,1016,1.6
5/31/2013 19:49,1634,4026,0,0,1016,1.6
5/31/2013 19:49,1634,4026,0,0,1016,1.6
5/31/2013 19:49,1634,4031,0,0,1016,1.6
5/31/2013 19:49,1634,4031,0,0,1016,1.6
5/31/2013 19:49,1634,4031,0,0,1016,1.6
5/31/2013 19:49,1634,4036,0,0,1016,1.6
5/31/2013 19:49,1634,4036,0,0,1016,1.6
5/31/2013 19:49,1634,4036,0,0,1016,1.7
5/31/2013 19:49,1634,4042,0,0,1016,1.9
5/31/2013 19:49,1634,4042,0,0,1016,2.2
5/31/2013 19:49,1634,4049,0,0,1016,2.4
5/31/2013 19:49,1634,4049,0,0,1016,2.7
5/31/2013 19:49,1634,4055,0,0,1016,2.9
5/31/2013 19:49,1634,4055,0,0,1016,3.1
5/31/2013 19:49,1634,4062,0,0,1016,3.2
5/31/2013 19:49,1634,4062,0,0,1016,3.2
5/31/2013 19:49,1634,4062,0,0,1016,3.3
5/31/2013 19:49,1634,4072,0,0,1016,3.3
5/31/2013 19:49,1634,4072,0,0,1016,3.3
5/31/2013 19:49,1634,4072,0,0,1016,3.3
5/31/2013 19:49,1634,4083,0,0,1016,3.3
5/31/2013 19:49,1634,4083,0,0,1016,3.3
5/31/2013 19:49,1634,4083,0,0,1016,3.4
5/31/2013 19:49,1634,4093,0,0,1016,3.3
5/31/2013 19:49,1634,4093,0,0,1016,3.3
5/31/2013 19:49,1634,4093,0,0,1016,3.3
5/31/2013 19:49,1634,4103,0,0,1016,3.3
5/31/2013 19:49,1634,4103,0,0,1016,3.3
5/31/2013 19:49,1634,4103,0,0,1016,3.3
5/31/2013 19:49,1634,4113,0,0,1016,3.4
5/31/2013 19:49,1634,4113,0,0,1016,3.4
5/31/2013 19:49,1634,4113,0,0,1016,3.4
5/31/2013 19:49,1634,4123,0,0,1016,3.4
5/31/2013 19:49,1634,4123,0,0,1016,3.4
5/31/2013 19:49,1634,4123,0,0,1016,3.4
5/31/2013 19:49,1634,4133,0,0,1016,3.4
5/31/2013 19:49,1634,4133,0,0,1016,3.4
5/31/2013 19:49,1634,4133,0,0,1016,3.4
5/31/2013 19:49,1634,4143,0,0,1016,3.3
5/31/2013 19:49,1634,4143,6.4,130,1016,3.3
5/31/2013 19:49,1634,4143,6.4,130,1016,3.3
5/31/2013 19:49,1634,4153,6.4,142,1016,3.4
5/31/2013 19:49,1634,4153,6.4,150,1016,3.4
5/31/2013 19:49,1634,4153,6.4,161,1016,3.4
5/31/2013 19:50,1634,4153,6.4,164,1016,3.4
5/31/2013 19:50,1635,4168,6.4,166,1016,3.4
5/31/2013 19:50,1635,4168,6.4,167,1016,3.4
5/31/2013 19:50,1635,4168,6.4,167,1016,3.4
5/31/2013 19:50,1635,4168,15,167,1016,3.4
5/31/2013 19:50,1635,4182,15,169,1016,3.4
5/31/2013 19:50,1635,4182,15,168,1016,3.4
5/31/2013 19:50,1635,4182,15,168,1016,3.3
5/31/2013 19:50,1635,4182,15,168,1016,3.2
5/31/2013 19:50,1635,4191,15,168,1016,3
5/31/2013 19:50,1635,4191,15,167,1016,2.9
5/31/2013 19:50,1635,4191,15,166,1016,2.7
5/31/2013 19:50,1635,4191,15,165,1016,2.5
5/31/2013 19:50,1635,4191,15,164,1016,2.4
5/31/2013 19:50,1635,4200,18.5,164,1016,2.3
5/31/2013 19:50,1635,4200,18.5,164,1016,2.2
5/31/2013 19:50,1635,4200,18.5,164,1016,2.1
5/31/2013 19:50,1635,4200,18.5,164,1016,2.1
5/31/2013 19:50,1635,4200,0,0,1016,2
5/31/2013 19:50,1635,4200,0,0,1016,1.9
5/31/2013 19:50,1635,4210,0,0,1016,1.9
5/31/2013 19:50,1635,4210,0,0,1016,1.9
5/31/2013 19:50,1635,4210,0,0,1016,1.8
5/31/2013 19:50,1635,4210,18.5,162,1016,1.8
5/31/2013 19:50,1635,4210,19.6,161,1016,1.8
5/31/2013 19:50,1635,4210,19.6,160,1016,1.8
5/31/2013 19:50,1635,4220,19.6,159,1016,1.8
5/31/2013 19:50,1635,4220,19.6,158,1016,1.7
5/31/2013 19:50,1635,4220,19.6,158,1016,1.6
5/31/2013 19:50,1635,4220,19.6,158,1016,1.5
5/31/2013 19:50,1635,4220,19.6,158,1016,1.5
5/31/2013 19:50,1635,4220,19.6,158,1016,1.5
5/31/2013 19:50,1635,4228,19.6,158,1016,1.5
5/31/2013 19:50,1635,4228,19.6,158,1016,1.5
5/31/2013 19:50,1635,4228,19.4,158,1016,1.5
5/31/2013 19:50,1635,4228,0,0,1016,1.6
5/31/2013 19:50,1635,4235,19.4,157,1016,1.6
5/31/2013 19:50,1635,4235,19.4,156,1016,1.6
5/31/2013 19:50,1635,4235,19.4,156,1016,1.6
